Name,Signal,Length,Horizon,TrainingTime,Formula,Count,MAPE,SMAPE,MASE,L1,L2,R2
Yahoo_Stock_Price_3IN.L,3IN.L,1291,7,12.08,PolyTrend+NoCycle+NoAR,7,0.0985,0.1059,3.9756,0.18120282463553888,0.21805531631100245,-2.1865991984590254
Yahoo_Stock_Price_888.L,888.L,1294,7,12.36,Lag1Trend+NoCycle+NoAR,7,0.0278,0.0284,1.9962,6.321428571428571,7.741931283601011,-2.0003192440279913
Yahoo_Stock_Price_AAIF.L,AAIF.L,1292,7,12.35,Lag1Trend+NoCycle+NoAR,7,0.0341,0.0333,2.0153,0.06582857142857135,0.08045426420377866,-0.7657961456494802
Yahoo_Stock_Price_AAL.L,AAL.L,1294,7,12.33,Lag1Trend+NoCycle+NoAR,7,0.0576,0.0558,3.0731,45.071428571428555,47.075607878633456,-10.999797773965586
Yahoo_Stock_Price_AAS.L,AAS.L,1292,7,12.09,Lag1Trend+NoCycle+NoAR,7,0.0661,0.0628,2.9319,0.6134428571428572,0.777349583980262,-1.0755658939456452
Yahoo_Stock_Price_ABD.L,ABD.L,1277,7,11.98,Lag1Trend+NoCycle+NoAR,7,0.0983,0.0922,3.2107,0.1778657142857143,0.20593742523952674,-2.052070400077291
Yahoo_Stock_Price_ABF.L,ABF.L,1294,7,12.08,Lag1Trend+NoCycle+NoAR,7,0.0215,0.0212,3.2026,58.714285714285715,70.86909461414454,-2.1887195833009114
Yahoo_Stock_Price_ABR.L,ABR.L,617,7,10.07,Lag1Trend+NoCycle+NoAR,7,0.0735,0.0843,0.8571,0.09312857142857145,0.1742276036027095,-0.39999999907758976
Yahoo_Stock_Price_ADM.L,ADM.L,1294,7,11.76,Lag1Trend+NoCycle+NoAR,7,0.0334,0.0341,3.7043,71.0,78.13449942247023,-4.737781954887141
Yahoo_Stock_Price_ADN.L,ADN.L,1294,7,11.99,Lag1Trend+NoCycle+NoAR,7,0.0099,0.0099,1.2828,3.142857142857143,3.4363602006441942,-0.010054812692966486
Yahoo_Stock_Price_AEP.L,AEP.L,1294,7,12.32,Lag1Trend+NoCycle+NoAR,7,0.0098,0.0099,1.9629,4.089285714285714,4.69255679621614,-2.4161966953520797
Yahoo_Stock_Price_AGA.L,AGA.L,1077,7,11.53,Lag1Trend+NoCycle+NoAR,7,0.0,0.0,0.0,0.0,0.0,1.0
Yahoo_Stock_Price_AGK.L,AGK.L,1294,7,12.01,Lag1Trend+NoCycle+NoAR,7,0.0139,0.014,1.3345,17.571428571428573,19.504578217141006,-1.3208416334659328
Yahoo_Stock_Price_AGR.L,AGR.L,1282,7,12.57,Lag1Trend+NoCycle+NoAR,7,0.0168,0.017,1.5869,0.9785714285714288,1.0851267207105362,-4.354756380162545
Yahoo_Stock_Price_AGS.L,AGS.L,426,7,9.89,Lag1Trend+NoCycle+NoAR,7,0.0016,0.0016,1.0612,0.37142857142857466,0.5042675027063642,-0.18666666658753162
Yahoo_Stock_Price_AHT.L,AHT.L,1294,7,12.38,Lag1Trend+NoCycle+NoAR,7,0.0428,0.0441,2.2943,50.857142857142854,59.55069868847648,-2.6946759653001666
Yahoo_Stock_Price_AIE.L,AIE.L,1048,7,11.84,Lag1Trend+NoCycle+NoAR,7,0.0006,0.0006,1.7143,0.07142857142857142,0.1336306209562122,-0.39999999843199974
Yahoo_Stock_Price_ALM.L,ALM.L,539,7,10.33,Lag1Trend+NoCycle+NoAR,7,0.0137,0.0135,0.7287,4.942857142857146,6.8249542123006215,-0.9125035611927577
Yahoo_Stock_Price_ALPH.L,ALPH.L,1280,7,12.54,Lag1Trend+NoCycle+NoAR,7,0.0,0.0,0.0,0.0,0.0,1.0
Yahoo_Stock_Price_ALY.L,ALY.L,1294,7,12.49,Lag1Trend+NoCycle+NoAR,7,0.0025,0.0025,0.6429,0.05357142857142857,0.10564428184106457,-0.029411763349481035
Yahoo_Stock_Price_AML.L,AML.L,1169,7,12.54,Lag1Trend+NoCycle+NoAR,7,0.0011,0.0011,2.1429,0.7142857142857143,0.8017837257372732,-3.846153845631952
Yahoo_Stock_Price_ANTO.L,ANTO.L,1294,7,12.88,Lag1Trend+NoCycle+NoAR,7,0.0271,0.0267,2.4005,13.242857142857142,13.784826026157477,-11.972372380727395
Yahoo_Stock_Price_APF.L,APF.L,1294,7,12.65,Lag1Trend+NoCycle+NoAR,7,0.0185,0.0186,1.0602,1.6785714285714286,1.9295632370342999,-0.2724498692178503
Yahoo_Stock_Price_AQP.L,AQP.L,1218,7,12.71,Lag1Trend+NoCycle+NoAR,7,0.0,0.0,0.0,0.0,0.0,1.0
Yahoo_Stock_Price_ARI.L,ARI.L,538,7,10.51,Lag1Trend+NoCycle+NoAR,7,0.0,0.0,0.0,0.0,0.0,1.0
Yahoo_Stock_Price_ARM.L,ARM.L,1294,7,12.65,Lag1Trend+NoCycle+NoAR,7,0.0023,0.0023,0.8265,3.857142857142857,5.694608979427072,-0.005696202531199734
Yahoo_Stock_Price_ASHM.L,ASHM.L,1294,7,12.8,Lag1Trend+NoCycle+NoAR,7,0.0477,0.0464,3.1655,15.985714285714282,17.51436145404271,-4.9901206720636155
Yahoo_Stock_Price_ASL.L,ASL.L,1292,7,13.24,Lag1Trend+NoCycle+NoAR,7,0.0828,0.0778,2.4901,0.8190428571428574,1.0253157193205003,-0.9972038328282455
Yahoo_Stock_Price_ATK.L,ATK.L,1294,7,13.9,Lag1Trend+NoCycle+NoAR,7,0.0174,0.0176,1.1039,24.285714285714285,30.55673879382886,-1.7149299786374375
Yahoo_Stock_Price_ATS.L,ATS.L,1292,7,13.28,Lag1Trend+NoCycle+NoAR,7,0.179,0.156,2.6805,0.39355428571428563,0.5030938230020888,-1.1164557619403257
Yahoo_Stock_Price_ATST.L,ATST.L,1277,7,13.26,Lag1Trend+NoCycle+NoAR,7,0.0721,0.0691,2.9127,0.4066485714285714,0.4529757841209617,-1.5267284093733156
Yahoo_Stock_Price_AV.L,AV.L,1294,7,13.67,Lag1Trend+NoCycle+NoAR,7,0.0135,0.0134,1.0981,5.142857142857126,5.518022420085956,-0.5347377949666909
Yahoo_Stock_Price_AVV.L,AVV.L,1294,7,14.03,Lag1Trend+NoCycle+NoAR,7,0.0076,0.0075,1.4237,14.0,18.883099019266634,-0.6774193548385969
Yahoo_Stock_Price_AZN.L,AZN.L,1294,7,13.67,Lag1Trend+NoCycle+NoAR,7,0.0169,0.0171,1.5803,78.35714285714286,96.41595155515354,-1.8068518980672592
Yahoo_Stock_Price_BA.L,BA.L,1293,7,13.86,Lag1Trend+NoCycle+NoAR,7,0.0066,0.0067,1.1905,3.5714285714285716,4.535573676110727,-0.6578947368401962
Yahoo_Stock_Price_BAB.L,BAB.L,1032,7,13.15,Lag1Trend+NoCycle+NoAR,7,0.0056,0.0056,0.9048,5.428571428571429,6.25642526870234,-0.06733444629897223
Yahoo_Stock_Price_BAG.L,BAG.L,1294,7,13.35,Lag1Trend+NoCycle+NoAR,7,0.0182,0.0185,1.8639,9.785714285714286,11.10180165558726,-2.452973127500047
Yahoo_Stock_Price_BARC.L,BARC.L,1294,7,13.76,Lag1Trend+NoCycle+NoAR,7,0.0053,0.0053,0.9237,0.7928571428571445,1.0122464409138985,-0.07315378859139554
Yahoo_Stock_Price_BATS.L,BATS.L,1294,7,14.2,Lag1Trend+NoCycle+NoAR,7,0.0042,0.0042,0.8107,19.928571428571427,23.084472208453395,-0.23509448241606012
Yahoo_Stock_Price_BBA.L,BBA.L,1294,7,14.26,Lag1Trend+NoCycle+NoAR,7,0.0374,0.0382,3.2751,8.842857142857152,9.426937087789597,-7.327895501824864
Yahoo_Stock_Price_BBY.L,BBY.L,1294,7,14.35,Lag1Trend+NoCycle+NoAR,7,0.0118,0.0119,0.6917,2.6285714285714374,3.0645437786771157,-0.6093586066967731
Yahoo_Stock_Price_BDEV.L,BDEV.L,1294,7,14.27,Lag1Trend+NoCycle+NoAR,7,0.0155,0.0155,0.5914,6.485714285714282,8.156679996875472,-0.004449100320216726
Yahoo_Stock_Price_BEE.L,BEE.L,1292,7,15.04,Lag1Trend+NoCycle+NoAR,7,0.0779,0.0738,2.9105,0.4555300000000003,0.5484695976077438,-0.8908559398377629
Yahoo_Stock_Price_BEZ.L,BEZ.L,1293,7,15.2,Lag1Trend+NoCycle+NoAR,7,0.0238,0.0242,1.6449,9.485714285714291,11.365863677823048,-2.2951379489837023
Yahoo_Stock_Price_BG.L,BG.L,1178,7,14.38,Lag1Trend+NoCycle+NoAR,7,0.0261,0.0266,1.9527,27.5,32.34247538896357,-2.6096869608083013
Yahoo_Stock_Price_BGFD.L,BGFD.L,1276,7,14.85,Lag1Trend+NoCycle+NoAR,7,0.0247,0.0245,1.8391,0.12478571428571403,0.1301846347088842,-0.5368417996445725
Yahoo_Stock_Price_BHGG.L,BHGG.L,1244,7,14.63,Lag1Trend+NoCycle+NoAR,7,0.0081,0.008,1.9286,0.10285714285714244,0.11212238211627736,-5.311475364569222
Yahoo_Stock_Price_BHGU.L,BHGU.L,1290,7,14.96,Lag1Trend+NoCycle+NoAR,7,0.042,0.0403,0.9816,0.5266999999999992,0.7493226436493917,-0.9765599734211503
Yahoo_Stock_Price_BHME.L,BHME.L,1243,7,14.23,Lag1Trend+NoCycle+NoAR,7,0.0045,0.0045,2.55,0.08499999999999933,0.10801785566681586,-1.626205779336921
Yahoo_Stock_Price_BHMG.L,BHMG.L,1292,7,14.8,Lag1Trend+NoCycle+NoAR,7,0.0383,0.0369,1.777,0.7841428571428573,1.0687382119650655,-1.1660442457914701
Yahoo_Stock_Price_BKG.L,BKG.L,1294,7,14.68,Lag1Trend+NoCycle+NoAR,7,0.0184,0.0182,0.768,48.0,64.06023950715674,-0.22448209087919202
Yahoo_Stock_Price_BLND.L,BLND.L,1294,7,15.31,Lag1Trend+NoCycle+NoAR,7,0.0401,0.0409,4.4427,26.285714285714285,27.263266757410314,-13.199220272900606
Yahoo_Stock_Price_BLT.L,BLT.L,1294,7,15.34,Lag1Trend+NoCycle+NoAR,7,0.0402,0.0392,2.3371,37.47142857142853,40.3257981942081,-6.323043569364214
Yahoo_Stock_Price_BMS.L,BMS.L,1294,7,15.31,Lag1Trend+NoCycle+NoAR,7,0.0082,0.0082,0.7628,3.3214285714285716,4.082300646869186,-0.8307994114733406
Yahoo_Stock_Price_BMY.L,BMY.L,1294,7,15.96,Lag1Trend+NoCycle+NoAR,7,0.0153,0.0155,0.9495,2.5714285714285716,3.2732683535398857,-1.6119402984983666
Yahoo_Stock_Price_BNKR.L,BNKR.L,1276,7,16.0,Lag1Trend+NoCycle+NoAR,7,0.0424,0.0413,2.8036,0.27294428571428586,0.30482406670546414,-1.5476856837845134
Yahoo_Stock_Price_BNZL.L,BNZL.L,1294,7,16.03,Lag1Trend+NoCycle+NoAR,7,0.0044,0.0044,2.2041,10.285714285714286,11.237691679598363,-5.163346613541522
Yahoo_Stock_Price_BOY.L,BOY.L,1294,7,15.97,Lag1Trend+NoCycle+NoAR,7,0.011,0.011,1.177,6.571428571428571,7.367883976130073,-0.03906249999971578
Yahoo_Stock_Price_BP.L,BP.L,1294,7,16.28,Lag1Trend+NoCycle+NoAR,7,0.0158,0.0156,1.9512,6.942857142857138,8.901885835516616,-0.28137194563536005
Yahoo_Stock_Price_BPI.L,BPI.L,1294,7,16.16,Lag1Trend+NoCycle+NoAR,7,0.0334,0.0341,2.0479,33.107142857142854,34.92325770273198,-8.871500247768926
Yahoo_Stock_Price_BRAM.L,BRAM.L,1294,7,15.36,Lag1Trend+NoCycle+NoAR,7,0.1278,0.1432,2.2473,11.142857142857142,15.028544269394253,-1.220951234195955
Yahoo_Stock_Price_BRBY.L,BRBY.L,1294,7,15.81,Lag1Trend+NoCycle+NoAR,7,0.0326,0.0333,2.7158,43.0,47.05467943938049,-5.063771517996633
Yahoo_Stock_Price_BRCI.L,BRCI.L,1292,7,15.79,Lag1Trend+NoCycle+NoAR,7,0.0565,0.0542,2.7863,0.03919771428571433,0.04800491350744364,-2.0005715167388223
Yahoo_Stock_Price_BRGE.L,BRGE.L,1292,7,16.47,Lag1Trend+NoCycle+NoAR,7,0.0113,0.0112,1.8837,0.030581428571428506,0.03542502243168944,-0.4794915455741946
Yahoo_Stock_Price_BRLA.L,BRLA.L,1292,7,16.31,Lag1Trend+NoCycle+NoAR,7,0.0602,0.0568,0.8537,0.23276714285714276,0.3294164170382006,-0.5522823145646765
Yahoo_Stock_Price_BRNE.L,BRNE.L,444,7,13.83,Lag1Trend+NoCycle+NoAR,7,0.0,0.0,0.0,0.0,0.0,1.0
Yahoo_Stock_Price_BRSC.L,BRSC.L,1292,7,17.13,Lag1Trend+NoCycle+NoAR,7,0.0386,0.0373,1.1638,0.3486228571428574,0.508918982662551,-0.0001353333107103616
Yahoo_Stock_Price_BRW.L,BRW.L,1294,7,17.25,Lag1Trend+NoCycle+NoAR,7,0.0235,0.0243,0.9334,5.942857142857146,10.236768463310515,-0.43967678081741
Yahoo_Stock_Price_BRWM.L,BRWM.L,1292,7,17.29,Lag1Trend+NoCycle+NoAR,7,0.1192,0.1096,3.3884,0.34552714285714287,0.4148475061134771,-2.2650400161043014
Yahoo_Stock_Price_BT-A.L,BT-A.L,1294,7,17.34,Lag1Trend+NoCycle+NoAR,7,0.0169,0.0168,1.4891,6.614285714285716,7.074249076757195,-0.2660364548775309
Yahoo_Stock_Price_BTEM.L,BTEM.L,1288,7,17.34,Lag1Trend+NoCycle+NoAR,7,0.015,0.0152,2.5879,0.0907257142857142,0.10269681202452192,-3.554837564418712
Yahoo_Stock_Price_BUT.L,BUT.L,1291,7,17.22,Lag1Trend+NoCycle+NoAR,7,0.1398,0.1253,2.7838,0.7773257142857142,0.9964184875700709,-1.1390880101581802
Yahoo_Stock_Price_BVC.L,BVC.L,1295,7,16.36,Lag1Trend+NoCycle+NoAR,7,0.0163,0.0161,1.8367,0.26785714285714285,0.29504842217604116,-4.687499994691667
Yahoo_Stock_Price_BVIC.L,BVIC.L,1293,7,16.72,Lag1Trend+NoCycle+NoAR,7,0.0171,0.0169,1.9554,10.428571428571429,11.850256175651706,-3.433634020616557
Yahoo_Stock_Price_BVS.L,BVS.L,1294,7,16.67,Lag1Trend+NoCycle+NoAR,7,0.0157,0.0155,0.6693,12.214285714285714,14.888874081963733,-0.13124869818779494
Yahoo_Stock_Price_BWNG.L,BWNG.L,1294,7,16.78,Lag1Trend+NoCycle+NoAR,7,0.0138,0.0137,0.6898,2.414285714285707,3.011644069275112,-0.12793766813666996
Yahoo_Stock_Price_BWY.L,BWY.L,1294,7,17.45,Lag1Trend+NoCycle+NoAR,7,0.0144,0.0144,0.6192,29.0,37.919086788280424,-0.005150226838235739
Yahoo_Stock_Price_BYG.L,BYG.L,1294,7,17.27,Lag1Trend+NoCycle+NoAR,7,0.0124,0.0123,1.0122,8.857142857142858,11.301074538037774,-1.592377796188146
Yahoo_Stock_Price_CAD.L,CAD.L,1293,7,18.48,Lag1Trend+NoCycle+NoAR,7,0.0,0.0,0.0,0.0,0.0,1.0
Yahoo_Stock_Price_CAL.L,CAL.L,1294,7,18.49,Lag1Trend+NoCycle+NoAR,7,0.0245,0.025,0.9551,1.3928571428571428,1.8492276379999455,-0.5587209302224085
Yahoo_Stock_Price_CAM.L,CAM.L,1294,7,18.45,Lag1Trend+NoCycle+NoAR,7,0.0248,0.0253,1.8627,216.07142857142858,286.304720284425,-1.3191349527719853
Yahoo_Stock_Price_CAU.L,CAU.L,1294,7,18.49,Lag1Trend+NoCycle+NoAR,7,0.0102,0.0103,0.7857,0.39285714285714285,0.6879057244377936,-0.4839999999335167
Yahoo_Stock_Price_CAY.L,CAY.L,1294,7,18.63,Lag1Trend+NoCycle+NoAR,7,0.0342,0.0349,5.1056,9.785714285714286,10.48638573171356,-6.74173850573934
Yahoo_Stock_Price_CBG.L,CBG.L,1294,7,18.71,Lag1Trend+NoCycle+NoAR,7,0.059,0.0611,4.0159,72.28571428571429,77.70273023333405,-6.431126293579695
Yahoo_Stock_Price_CCC.L,CCC.L,1294,7,17.7,Lag1Trend+NoCycle+NoAR,7,0.0339,0.0346,3.6818,27.0,28.405230906597872,-9.363302752291675
Yahoo_Stock_Price_CCL.L,CCL.L,1294,7,18.7,Lag1Trend+NoCycle+NoAR,7,0.0204,0.0207,3.0629,73.0,78.32806466577426,-6.60931963146691
Yahoo_Stock_Price_CDI.L,CDI.L,1289,7,18.61,Lag1Trend+NoCycle+NoAR,7,0.0044,0.0044,0.5525,0.010582857142857196,0.012616146117461723,-0.060905698663251684
Yahoo_Stock_Price_CGL.L,CGL.L,973,7,17.68,Lag1Trend+NoCycle+NoAR,7,0.0034,0.0034,1.3878,2.4285714285714284,2.659215781283755,-0.7111111111051964
Yahoo_Stock_Price_CGS.L,CGS.L,1294,7,19.32,Lag1Trend+NoCycle+NoAR,7,0.0128,0.0129,1.1675,5.642857142857143,6.171290094345868,-1.027122441357636
Yahoo_Stock_Price_CHG.L,CHG.L,1294,7,19.63,Lag1Trend+NoCycle+NoAR,7,0.0626,0.0653,2.7915,8.607142857142858,9.941345841628141,-1.791777761762944
Yahoo_Stock_Price_CHW.L,CHW.L,1094,7,18.73,Lag1Trend+NoCycle+NoAR,7,0.0,0.0,0.0,0.0,0.0,1.0
Yahoo_Stock_Price_CINE.L,CINE.L,1293,7,19.62,Lag1Trend+NoCycle+NoAR,7,0.0098,0.0099,0.9832,5.571428571428571,6.923046397979103,-0.23119266055000698
Yahoo_Stock_Price_CKN.L,CKN.L,1294,7,19.42,Lag1Trend+NoCycle+NoAR,7,0.0062,0.0062,1.3819,11.285714285714286,13.032925337664713,-2.9975984630149863
Yahoo_Stock_Price_CLDN.L,CLDN.L,1292,7,19.5,Lag1Trend+NoCycle+NoAR,7,0.1515,0.1342,3.099,3.594828571428571,4.688132559376464,-1.243196242454411
Yahoo_Stock_Price_CLI.L,CLI.L,1294,7,19.52,Lag1Trend+NoCycle+NoAR,7,0.0083,0.0084,1.3187,11.428571428571429,14.696938456699069,-1.351999999999634
Yahoo_Stock_Price_CLLN.L,CLLN.L,1294,7,19.48,Lag1Trend+NoCycle+NoAR,7,0.024,0.0244,2.2668,6.27142857142856,7.385410328091838,-2.585262790756687
Yahoo_Stock_Price_CLST.L,CLST.L,524,7,16.65,Lag1Trend+NoCycle+NoAR,7,0.0,0.0,0.0,0.0,0.0,1.0
Yahoo_Stock_Price_CMS.L,CMS.L,1294,7,18.37,Lag1Trend+NoCycle+NoAR,7,0.0242,0.0245,1.1053,0.875,1.0318585866566905,-0.4041211101501663
Yahoo_Stock_Price_CNA.L,CNA.L,1294,7,18.22,Lag1Trend+NoCycle+NoAR,7,0.0176,0.0178,3.0941,4.228571428571428,4.59875759619611,-5.471896077913242
Yahoo_Stock_Price_CNE.L,CNE.L,1294,7,17.66,Lag1Trend+NoCycle+NoAR,7,0.0863,0.0819,3.6629,15.628571428571437,17.206311134497803,-4.714848489621982
Yahoo_Stock_Price_COB.L,COB.L,1295,7,13.33,Lag1Trend+NoCycle+NoAR,7,0.0225,0.0228,1.6526,3.82857142857143,4.476286726422124,-1.7515834314166185
Yahoo_Stock_Price_COLT.L,COLT.L,1067,7,12.19,Lag1Trend+NoCycle+NoAR,7,0.0047,0.0047,0.9317,0.8928571428571429,1.0978875820670997,-1.9531249998966405
Yahoo_Stock_Price_COST.L,COST.L,1294,7,12.45,Lag1Trend+NoCycle+NoAR,7,0.0161,0.0163,1.6264,5.285714285714286,6.323143431644016,-2.3198474899346344
Yahoo_Stock_Price_CPG.L,CPG.L,1295,7,12.23,Lag1Trend+NoCycle+NoAR,7,0.0081,0.0081,1.395,11.857142857142858,13.778865804453677,-2.853769676883721
Yahoo_Stock_Price_CPI.L,CPI.L,1294,7,12.15,Lag1Trend+NoCycle+NoAR,7,0.0067,0.0068,1.0489,6.642857142857143,8.170067319184096,-1.0059797608087062
Yahoo_Stock_Price_CPR.L,CPR.L,1294,7,12.27,Lag1Trend+NoCycle+NoAR,7,0.0402,0.0393,2.8462,9.25,10.082251024165473,-2.256845116467655
Yahoo_Stock_Price_CRDA.L,CRDA.L,1294,7,12.31,Lag1Trend+NoCycle+NoAR,7,0.0059,0.0059,0.6999,19.714285714285715,23.952333617296784,-0.19686648501358817
Yahoo_Stock_Price_CRND.L,CRND.L,1293,7,13.19,Lag1Trend+NoCycle+NoAR,7,0.0288,0.0296,0.8571,0.046428571428571486,0.06338656910463883,-1.1575342300243956
Yahoo_Stock_Price_CSN.L,CSN.L,1294,7,13.36,Lag1Trend+NoCycle+NoAR,7,0.0476,0.0492,2.0714,14.5,17.64227876437735,-1.3431018589642587
Yahoo_Stock_Price_CSR.L,CSR.L,1049,7,11.49,Lag1Trend+NoCycle+NoAR,7,0.0008,0.0008,2.1429,0.7142857142857143,0.8017837257372732,-3.846153845631952
Yahoo_Stock_Price_CSRT.L,CSRT.L,1295,7,12.09,Lag1Trend+NoCycle+NoAR,7,0.0219,0.0222,1.7143,22.857142857142858,25.303867575643736,-4.433668167647419
Yahoo_Stock_Price_CTO.L,CTO.L,1295,7,12.7,Lag1Trend+NoCycle+NoAR,7,0.0247,0.0251,2.4454,1.7321428571428572,1.8927729091769794,-5.152792989991431
Yahoo_Stock_Price_CTR.L,CTR.L,1295,7,12.04,Lag1Trend+NoCycle+NoAR,7,0.0725,0.0759,2.4438,19.142857142857142,21.600264548644503,-3.660008153281031
Yahoo_Stock_Price_CUK.L,CUK.L,1216,7,13.01,Lag1Trend+NoCycle+NoAR,7,0.0033,0.0033,0.9727,0.4749999999999943,0.5747763540220229,-1.3614916117208349
Yahoo_Stock_Price_CWK.L,CWK.L,1295,7,12.5,Lag1Trend+NoCycle+NoAR,7,0.0249,0.0253,2.1299,58.57142857142857,62.987527109964965,-3.963337418300565
Yahoo_Stock_Price_CYN.L,CYN.L,1292,7,12.43,Lag1Trend+NoCycle+NoAR,7,0.1012,0.0917,0.9562,0.11639285714285721,0.16522660158530342,-0.9575318323596431
Yahoo_Stock_Price_DCG.L,DCG.L,1294,7,13.0,Lag1Trend+NoCycle+NoAR,7,0.0291,0.0296,2.6827,17.214285714285715,18.91428031937774,-4.824804784846626
Yahoo_Stock_Price_DEA.L,DEA.L,346,7,9.6,Lag1Trend+NoCycle+NoAR,7,0.0,0.0,0.0,0.0,0.0,1.0
Yahoo_Stock_Price_DEB.L,DEB.L,1294,7,12.53,Lag1Trend+NoCycle+NoAR,7,0.0116,0.0116,0.949,0.664285714285714,0.816569479153927,-0.05022500801236962
Yahoo_Stock_Price_DGE.L,DGE.L,1294,7,14.36,Lag1Trend+NoCycle+NoAR,7,0.0107,0.0108,1.3554,22.928571428571427,28.868544423695095,-0.961960699529097
Yahoo_Stock_Price_DIG.L,DIG.L,1292,7,13.61,Lag1Trend+NoCycle+NoAR,7,0.0543,0.052,2.5207,0.13249000000000008,0.1686503068058708,-1.0705029723455635
Yahoo_Stock_Price_DJAN.L,DJAN.L,1294,7,13.74,Lag1Trend+NoCycle+NoAR,7,0.0139,0.0138,0.4891,75.0,116.0203184175698,-0.032926160833136375
Yahoo_Stock_Price_DLAR.L,DLAR.L,1294,7,12.33,Lag1Trend+NoCycle+NoAR,7,0.0205,0.0208,1.2187,13.0,15.82042079989386,-2.0790861159924288
Yahoo_Stock_Price_DLN.L,DLN.L,1294,7,12.64,Lag1Trend+NoCycle+NoAR,7,0.0302,0.0308,1.9866,84.42857142857143,89.77193325310535,-7.657991668493617
Yahoo_Stock_Price_DMGT.L,DMGT.L,1294,7,12.54,Lag1Trend+NoCycle+NoAR,7,0.0461,0.0475,3.6712,32.42857142857143,36.5952768224847,-3.656483945360777
Yahoo_Stock_Price_DNE.L,DNE.L,1291,7,12.83,Lag1Trend+NoCycle+NoAR,7,0.0716,0.0575,0.8572,0.23409571428571407,0.6116697210680195,-0.16224995693558752
Yahoo_Stock_Price_DNLM.L,DNLM.L,1293,7,13.84,Lag1Trend+NoCycle+NoAR,7,0.0031,0.0031,0.8346,2.642857142857143,2.982089392164015,-0.261215629519876
Yahoo_Stock_Price_DNO.L,DNO.L,1003,7,12.43,Lag1Trend+NoCycle+NoAR,7,0.001,0.001,0.9286,0.9285714285714286,1.4015297764534702,-0.7824074073843017
Yahoo_Stock_Price_DOM.L,DOM.L,1295,7,13.31,Lag1Trend+NoCycle+NoAR,7,0.0332,0.0339,4.1673,12.571428571428555,13.232859533319735,-9.259613545045937
Yahoo_Stock_Price_DPH.L,DPH.L,1294,7,14.36,Lag1Trend+NoCycle+NoAR,7,0.051,0.0524,6.0,65.0,67.55209629823278,-12.489442567566998
Yahoo_Stock_Price_DPLM.L,DPLM.L,1295,7,14.44,Lag1Trend+NoCycle+NoAR,7,0.0084,0.0085,1.574,7.214285714285714,9.3751190468632,-0.2755071819929238
Yahoo_Stock_Price_DRX.L,DRX.L,1294,7,13.16,Lag1Trend+NoCycle+NoAR,7,0.0126,0.0125,1.5852,4.385714285714284,6.138752781655707,-0.26609939387229775
Yahoo_Stock_Price_DTL.L,DTL.L,721,7,11.83,LinearTrend+NoCycle+NoAR,7,0.005,0.005,0.5225,0.006688299990598294,0.009085219478219964,-0.09714590587070471
Yahoo_Stock_Price_DTY.L,DTY.L,1294,7,13.92,Lag1Trend+NoCycle+NoAR,7,0.0127,0.0126,2.0055,34.42857142857143,38.580157742401354,-3.9106517640719467
Yahoo_Stock_Price_DVO.L,DVO.L,1295,7,14.61,Lag1Trend+NoCycle+NoAR,7,0.0339,0.0346,2.3377,9.642857142857142,10.389727069150016,-6.214833759583904
Yahoo_Stock_Price_E2V.L,E2V.L,1294,7,13.59,Lag1Trend+NoCycle+NoAR,7,0.028,0.0287,1.614,6.321428571428571,7.991625080581009,-1.574874010077711
Yahoo_Stock_Price_ECM.L,ECM.L,1294,7,13.37,Lag1Trend+NoCycle+NoAR,7,0.0634,0.0654,2.594,18.071428571428573,18.80072187063951,-2.223264599694368
Yahoo_Stock_Price_ECWO.L,ECWO.L,1292,7,13.87,Lag1Trend+NoCycle+NoAR,7,0.1341,0.1207,3.0806,0.18392142857142854,0.2362289724882559,-1.2420347129684335
Yahoo_Stock_Price_EDIN.L,EDIN.L,1292,7,14.14,Lag1Trend+NoCycle+NoAR,7,0.0138,0.0137,0.6821,0.09807857142857149,0.12491234326518715,-0.23599029580639042
Yahoo_Stock_Price_EFM.L,EFM.L,1276,7,14.82,Lag1Trend+NoCycle+NoAR,7,0.0937,0.0882,3.5246,0.2742942857142857,0.31518277522732746,-2.013526927820515
Yahoo_Stock_Price_ELM.L,ELM.L,1294,7,14.2,Lag1Trend+NoCycle+NoAR,7,0.0267,0.0271,4.3275,5.914285714285707,6.111347758765766,-14.760248019195304
Yahoo_Stock_Price_ELTA.L,ELTA.L,1291,7,15.22,Lag1Trend+NoCycle+NoAR,7,0.1148,0.1043,3.161,4.407342857142858,5.813521955628228,-1.3145685372604747
Yahoo_Stock_Price_EMG.L,EMG.L,1293,7,14.1,Lag1Trend+NoCycle+NoAR,7,0.0244,0.0237,0.898,2.8285714285714323,4.49507667183935,-0.5371048872864141
Yahoo_Stock_Price_ENRC.L,ENRC.L,598,7,12.8,Lag1Trend+NoCycle+NoAR,7,0.0178,0.0179,1.0435,4.0,4.87889038907121,-0.12788589387086735
Yahoo_Stock_Price_ERM.L,ERM.L,1294,7,14.57,Lag1Trend+NoCycle+NoAR,7,0.0227,0.0223,0.8098,22.0,25.85260417940798,-2.625339015885035
Yahoo_Stock_Price_ETI.L,ETI.L,1295,7,14.42,Lag1Trend+NoCycle+NoAR,7,0.0106,0.0106,0.7685,0.9285714285714286,1.0856202966836188,-0.0744186046371702
Yahoo_Stock_Price_EVG.L,EVG.L,192,7,9.96,Lag1Trend+NoCycle+NoAR,7,0.0579,0.0599,1.5429,0.9642857142857143,1.2137603905690306,-0.1713995943071811
Yahoo_Stock_Price_EWI.L,EWI.L,1292,7,14.95,Lag1Trend+NoCycle+NoAR,7,0.0674,0.0642,2.9091,0.31664142857142846,0.38696264428421057,-0.8835064973323761
Yahoo_Stock_Price_EXPN.L,EXPN.L,1295,7,15.03,Lag1Trend+NoCycle+NoAR,7,0.0056,0.0056,2.0714,8.285714285714286,8.976158898517147,-5.760273972594637
Yahoo_Stock_Price_EZJ.L,EZJ.L,1295,7,15.37,Lag1Trend+NoCycle+NoAR,7,0.0806,0.0769,2.9844,82.07142857142857,89.66465301332515,-3.441775705676382
Yahoo_Stock_Price_FAS.L,FAS.L,1291,7,15.58,Lag1Trend+NoCycle+NoAR,7,0.0584,0.0558,2.6131,0.18354571428571426,0.23514873311526538,-1.1211328898797719
Yahoo_Stock_Price_FCAM.L,FCAM.L,716,7,14.66,Lag1Trend+NoCycle+NoAR,7,0.0016,0.0016,1.3929,0.18571428571428733,0.20354009783964436,-0.14044943775375351
Yahoo_Stock_Price_FCCN.L,FCCN.L,1294,7,15.59,Lag1Trend+NoCycle+NoAR,7,0.0416,0.0401,1.1622,1.4285714285714286,1.9004228852697873,-1.1606257153573454
Yahoo_Stock_Price_FCI.L,FCI.L,1292,7,15.92,Lag1Trend+NoCycle+NoAR,7,0.0201,0.0204,2.7922,0.05420571428571425,0.06780561797204883,-1.7707372989821204
Yahoo_Stock_Price_FCPT.L,FCPT.L,1291,7,15.95,Lag1Trend+NoCycle+NoAR,7,0.055,0.0524,2.5456,0.06754285714285715,0.08971141032698764,-1.3086366002631231
Yahoo_Stock_Price_FCS.L,FCS.L,1276,7,15.52,Lag1Trend+NoCycle+NoAR,7,0.0077,0.0077,1.0949,0.08178571428571425,0.09276242311872392,-0.039449752498410096
Yahoo_Stock_Price_FDL.L,FDL.L,1294,7,16.06,Lag1Trend+NoCycle+NoAR,7,0.0165,0.0163,0.594,2.8214285714285716,3.985464661921941,-0.17436816295613422
Yahoo_Stock_Price_FDSA.L,FDSA.L,1294,7,16.16,Lag1Trend+NoCycle+NoAR,7,0.0284,0.0288,3.0156,68.85714285714286,70.21395872616783,-25.126973826517602
Yahoo_Stock_Price_FENR.L,FENR.L,1294,7,16.16,Lag1Trend+NoCycle+NoAR,7,0.0162,0.0161,2.2653,2.642857142857143,2.822106609305487,-7.130208333214767
Yahoo_Stock_Price_FEV.L,FEV.L,1291,7,16.24,Lag1Trend+NoCycle+NoAR,7,0.0662,0.0629,2.8057,0.11599285714285708,0.14509732984645646,-1.0041033017579557
Yahoo_Stock_Price_FGP.L,FGP.L,1295,7,15.57,Lag1Trend+NoCycle+NoAR,7,0.0096,0.0095,1.0654,0.9499999999999987,1.0641898326896364,-0.48256745922955124
Yahoo_Stock_Price_FGT.L,FGT.L,1292,7,15.85,Lag1Trend+NoCycle+NoAR,7,0.0224,0.0228,3.7354,0.14471714285714274,0.15929329785919155,-4.726160659324904
Yahoo_Stock_Price_FPEO.L,FPEO.L,1291,7,15.85,Lag1Trend+NoCycle+NoAR,7,0.0843,0.0769,0.8353,0.21074571428571437,0.31814229601592686,-0.7157187345998306
Yahoo_Stock_Price_FRCL.L,FRCL.L,1291,7,15.61,Lag1Trend+NoCycle+NoAR,7,0.0587,0.0562,2.9458,0.28338857142857155,0.3511601136640829,-0.9553628403581482
Yahoo_Stock_Price_FRES.L,FRES.L,1294,7,16.4,Lag1Trend+NoCycle+NoAR,7,0.0239,0.0235,1.398,43.57142857142857,48.522454301370324,-1.2916650113225217
Yahoo_Stock_Price_FSJ.L,FSJ.L,1295,7,16.19,Lag1Trend+NoCycle+NoAR,7,0.0554,0.0571,2.6506,81.28571428571429,84.90583018850944,-10.982394843961723
Yahoo_Stock_Price_FSTA.L,FSTA.L,1295,7,16.17,Lag1Trend+NoCycle+NoAR,7,0.0222,0.0219,2.2908,21.571428571428573,23.72611580997976,-4.767590172503077
Yahoo_Stock_Price_FSV.L,FSV.L,1291,7,16.4,Lag1Trend+NoCycle+NoAR,7,0.0472,0.0456,2.5175,0.08889428571428579,0.10929164939999504,-0.9081130539041251
Yahoo_Stock_Price_FUTR.L,FUTR.L,1295,7,16.41,Lag1Trend+NoCycle+NoAR,7,0.0143,0.0142,5.9011,0.12785714285714356,0.12995878467531888,-30.170432323190273
Yahoo_Stock_Price_FWEB.L,FWEB.L,594,7,14.51,Lag1Trend+NoCycle+NoAR,7,0.0016,0.0016,0.9643,0.16071428571428573,0.236227795630767,-0.8617021267722953
Yahoo_Stock_Price_FXPO.L,FXPO.L,1293,7,16.56,Lag1Trend+NoCycle+NoAR,7,0.0249,0.0245,1.7802,0.9642857142857143,1.1299494299683124,-2.680147058671995
Yahoo_Stock_Price_GDWN.L,GDWN.L,1295,7,16.5,Lag1Trend+NoCycle+NoAR,7,0.0296,0.0302,1.6354,65.14285714285714,77.01344966024719,-0.9671412664945065
Yahoo_Stock_Price_GEMD.L,GEMD.L,1294,7,16.52,Lag1Trend+NoCycle+NoAR,7,0.0134,0.0135,0.7912,1.7142857142857142,2.0397829016133766,-0.38103302285543306
Yahoo_Stock_Price_GFRD.L,GFRD.L,1295,7,17.06,Lag1Trend+NoCycle+NoAR,7,0.0178,0.0179,0.7602,17.357142857142858,19.173083811873948,-0.15744578313247803
Yahoo_Stock_Price_GFS.L,GFS.L,1295,7,16.56,Lag1Trend+NoCycle+NoAR,7,0.0246,0.025,3.6229,4.528571428571415,4.768797392574825,-9.18210891806347
Yahoo_Stock_Price_GKN.L,GKN.L,1294,7,17.22,Lag1Trend+NoCycle+NoAR,7,0.0231,0.0235,1.3035,6.7999999999999785,8.720910830543179,-0.8364987532148775
Yahoo_Stock_Price_GLE.L,GLE.L,1295,7,17.36,Lag1Trend+NoCycle+NoAR,7,0.0159,0.0157,0.5893,7.857142857142857,10.856202966836188,-0.269230769230574
Yahoo_Stock_Price_GLS.L,GLS.L,569,7,15.32,Lag1Trend+NoCycle+NoAR,7,0.0,0.0,0.0,0.0,0.0,1.0
Yahoo_Stock_Price_GNK.L,GNK.L,1294,7,17.26,Lag1Trend+NoCycle+NoAR,7,0.0168,0.017,2.1544,13.285714285714286,14.728495219423179,-4.367079020447484
Yahoo_Stock_Price_GNS.L,GNS.L,1294,7,17.7,Lag1Trend+NoCycle+NoAR,7,0.0303,0.0308,3.4286,54.857142857142854,56.69971025373183,-14.64019062748104
Yahoo_Stock_Price_GOG.L,GOG.L,1293,7,17.65,Lag1Trend+NoCycle+NoAR,7,0.0232,0.0229,1.7557,42.42857142857143,48.39569048110438,-3.321622232263782
Yahoo_Stock_Price_GPOR.L,GPOR.L,1294,7,17.57,Lag1Trend+NoCycle+NoAR,7,0.0227,0.023,2.0514,15.214285714285714,15.981015522890187,-9.677687713304204
Yahoo_Stock_Price_GPRT.L,GPRT.L,1247,7,17.71,Lag1Trend+NoCycle+NoAR,7,0.058,0.0562,0.6171,0.06428571428571428,0.07559289460184547,-0.0873786378207182
Yahoo_Stock_Price_GRG.L,GRG.L,1294,7,17.4,Lag1Trend+NoCycle+NoAR,7,0.0274,0.0279,2.7235,28.142857142857142,32.74359261203415,-2.827407839137208
Yahoo_Stock_Price_GRI.L,GRI.L,1295,7,17.71,Lag1Trend+NoCycle+NoAR,7,0.0101,0.0101,0.9787,2.1857142857142833,2.3901583928386683,-0.09381838074098892
Yahoo_Stock_Price_GSDO.L,GSDO.L,365,7,15.38,Lag1Trend+NoCycle+NoAR,7,0.0904,0.102,0.8435,0.08852142857142856,0.14716261292480895,-0.2918785179813099
Yahoo_Stock_Price_GSK.L,GSK.L,1294,7,18.26,Lag1Trend+NoCycle+NoAR,7,0.0088,0.0089,0.8449,14.785714285714286,19.68955488142308,-0.42871916365816776
Yahoo_Stock_Price_HAMP.L,HAMP.L,337,7,15.2,Lag1Trend+NoCycle+NoAR,7,0.0,0.0,0.0,0.0,0.0,1.0
Yahoo_Stock_Price_HAN.L,HAN.L,1292,7,18.14,Lag1Trend+NoCycle+NoAR,7,0.2055,0.1685,0.8523,1.6222714285714288,2.3438567085041693,-0.608453367212777
Yahoo_Stock_Price_HANA.L,HANA.L,1292,7,18.84,Lag1Trend+NoCycle+NoAR,7,0.3073,0.2445,3.2441,2.3046571428571427,2.9574223424172232,-1.1508070683824219
Yahoo_Stock_Price_HAS.L,HAS.L,1294,7,18.24,Lag1Trend+NoCycle+NoAR,7,0.0152,0.0153,0.9653,1.7857142857142858,2.145759938643117,-1.4165595543949059
Yahoo_Stock_Price_HDY.L,HDY.L,1295,7,18.81,Lag1Trend+NoCycle+NoAR,7,0.0174,0.0171,1.5429,0.32142857142857145,0.3895968612369898,-2.1315789464454293
Yahoo_Stock_Price_HEAD.L,HEAD.L,1295,7,18.89,Lag1Trend+NoCycle+NoAR,7,0.0192,0.0194,1.3647,8.642857142857142,10.0,-0.26418988648067954
Yahoo_Stock_Price_HFD.L,HFD.L,1294,7,18.42,Lag1Trend+NoCycle+NoAR,7,0.0188,0.0192,1.01,6.514285714285718,9.304837451562491,-0.8393961203938196
Yahoo_Stock_Price_HFEL.L,HFEL.L,1244,7,18.29,Lag1Trend+NoCycle+NoAR,7,0.017,0.0172,1.6607,0.05535714285714276,0.06474538041987449,-2.265600122640361
Yahoo_Stock_Price_HFG.L,HFG.L,1294,7,18.0,Lag1Trend+NoCycle+NoAR,7,0.0109,0.011,0.7792,6.428571428571429,8.008923594519874,-1.603976801986891
Yahoo_Stock_Price_HGG.L,HGG.L,1294,7,17.48,Lag1Trend+NoCycle+NoAR,7,0.0271,0.0267,2.6025,5.985714285714274,6.717673917148905,-3.8532329572815023
Yahoo_Stock_Price_HGT.L,HGT.L,1292,7,16.52,Lag1Trend+NoCycle+NoAR,7,0.0914,0.0847,2.695,1.132671428571428,1.4911156211757304,-1.2814763934151094
Yahoo_Stock_Price_HHI.L,HHI.L,1292,7,17.29,Lag1Trend+NoCycle+NoAR,7,0.0198,0.0202,1.3396,0.03545285714285705,0.0450907480215493,-1.619158629013643
Yahoo_Stock_Price_HICL.L,HICL.L,1291,7,16.37,LinearTrend+NoCycle+NoAR,7,0.1143,0.1257,3.6305,0.19474982095428275,0.24701953901305335,-1.635067697216881
Yahoo_Stock_Price_HIK.L,HIK.L,1294,7,11.9,Lag1Trend+NoCycle+NoAR,7,0.0102,0.0103,0.4834,26.428571428571427,36.42408936012383,-0.13177228412254882
Yahoo_Stock_Price_HILS.L,HILS.L,1295,7,11.82,Lag1Trend+NoCycle+NoAR,7,0.0703,0.0729,9.9619,74.71428571428571,75.34776515787124,-58.722413052803375
Yahoo_Stock_Price_HL.L,HL.L,1293,7,11.7,Lag1Trend+NoCycle+NoAR,7,0.0177,0.0179,1.8057,22.571428571428573,26.267851073127396,-2.822066470720927
Yahoo_Stock_Price_HLCL.L,HLCL.L,772,7,11.08,Lag1Trend+NoCycle+NoAR,7,0.0474,0.0494,1.7574,13.107142857142858,17.200238785717897,-1.0540648246544189
Yahoo_Stock_Price_HLMA.L,HLMA.L,1294,7,12.35,Lag1Trend+NoCycle+NoAR,7,0.0127,0.0128,3.3214,13.285714285714286,15.264337522473747,-3.1246387283226564
Yahoo_Stock_Price_HMSO.L,HMSO.L,1295,7,12.29,Lag1Trend+NoCycle+NoAR,7,0.0157,0.0159,4.7143,8.642857142857142,9.2562720048933,-6.803438661699883
Yahoo_Stock_Price_HMV.L,HMV.L,377,7,10.21,Lag1Trend+NoCycle+NoAR,7,0.3464,0.2761,3.4531,0.40285714285714297,0.4773962116074476,-1.9208547472649404
Yahoo_Stock_Price_HNE.L,HNE.L,1277,7,12.48,Lag1Trend+NoCycle+NoAR,7,0.0522,0.0505,2.5803,0.4592271428571428,0.5192453576517144,-1.617950459630864
Yahoo_Stock_Price_HOC.L,HOC.L,1294,7,12.14,Lag1Trend+NoCycle+NoAR,7,0.0536,0.0559,1.1575,13.157142857142864,18.433858599250005,-0.2677382317424408
Yahoo_Stock_Price_HOIL.L,HOIL.L,751,7,10.58,Lag1Trend+NoCycle+NoAR,7,0.0012,0.0012,11.1429,0.37142857142860713,0.37796447300926156,-28.166666581605853
Yahoo_Stock_Price_HOME.L,HOME.L,1295,7,12.99,Lag1Trend+NoCycle+NoAR,7,0.0234,0.0237,2.1054,3.6142857142857077,4.168761378223914,-1.8451386568593646
Yahoo_Stock_Price_HRG.L,HRG.L,1295,7,12.58,Lag1Trend+NoCycle+NoAR,7,0.0189,0.0187,1.5714,1.1785714285714286,1.3058932356273014,-2.555851063723869
Yahoo_Stock_Price_HRI.L,HRI.L,1292,7,11.92,Lag1Trend+NoCycle+NoAR,7,0.1321,0.1194,2.7765,1.0094242857142854,1.2755601350387205,-1.0534814627951672
Yahoo_Stock_Price_HRN.L,HRN.L,1295,7,12.17,Lag1Trend+NoCycle+NoAR,7,0.006,0.0059,0.6122,0.17857142857142858,0.34069257193462343,-0.3787878785539025
Yahoo_Stock_Price_HSBA.L,HSBA.L,1295,7,12.17,Lag1Trend+NoCycle+NoAR,7,0.0127,0.0128,1.6931,6.278571428571403,6.739144710463716,-6.574884694571499
Yahoo_Stock_Price_HSD.L,HSD.L,1294,7,12.2,Lag1Trend+NoCycle+NoAR,7,0.0197,0.0194,0.8295,2.142857142857143,2.7386127875258306,-0.8513853904216828
Yahoo_Stock_Price_HSL.L,HSL.L,1292,7,12.77,Lag1Trend+NoCycle+NoAR,7,0.0947,0.0883,2.3434,0.5531357142857143,0.6855038414709494,-0.9394120763223599
Yahoo_Stock_Price_HSV.L,HSV.L,1294,7,12.26,Lag1Trend+NoCycle+NoAR,7,0.0093,0.0094,1.3714,5.142857142857143,6.6332495807108,-1.3157894736824693
Yahoo_Stock_Price_HSX.L,HSX.L,1294,7,12.49,Lag1Trend+NoCycle+NoAR,7,0.0122,0.0122,2.0,13.0,14.066170155985704,-4.465050732805061
Yahoo_Stock_Price_HTG.L,HTG.L,1295,7,12.4,Lag1Trend+NoCycle+NoAR,7,0.044,0.0427,0.8925,18.928571428571427,23.373137817344325,-0.6565026028975371
Yahoo_Stock_Price_HYC.L,HYC.L,833,7,11.09,Lag1Trend+NoCycle+NoAR,7,0.0006,0.0006,1.0286,0.42857142857142855,0.6546536707079771,-0.7499999998979165
Yahoo_Stock_Price_IAP.L,IAP.L,1295,7,12.67,Lag1Trend+NoCycle+NoAR,7,0.0096,0.0096,0.9719,4.357142857142857,5.842088667591409,-0.01456599286520599
Yahoo_Stock_Price_IAT.L,IAT.L,1292,7,12.67,Lag1Trend+NoCycle+NoAR,7,0.0493,0.047,0.7603,0.10762571428571428,0.15252417653792266,-0.5442066373928549
Yahoo_Stock_Price_ICP.L,ICP.L,1297,7,12.29,Lag1Trend+NoCycle+NoAR,7,0.0073,0.0073,1.0146,4.142857142857143,4.456135417280635,-0.026371308016119643
Yahoo_Stock_Price_IFL.L,IFL.L,1295,7,12.62,Lag1Trend+NoCycle+NoAR,7,0.0,0.0,0.0,0.0,0.0,1.0
Yahoo_Stock_Price_IGG.L,IGG.L,1295,7,13.09,Lag1Trend+NoCycle+NoAR,7,0.0219,0.0223,3.0743,19.214285714285715,22.595037381817146,-2.6119332948307057
Yahoo_Stock_Price_IHG.L,IHG.L,1294,7,13.06,Lag1Trend+NoCycle+NoAR,7,0.0226,0.023,3.3577,67.71428571428571,78.43468620451031,-2.9265357161464753
Yahoo_Stock_Price_III.L,III.L,1276,7,13.04,LinearTrend+NoCycle+NoAR,7,0.195,0.2236,4.1094,1.167503229607874,1.349200501286263,-2.925824577605504
Yahoo_Stock_Price_IMG.L,IMG.L,1294,7,13.24,Lag1Trend+NoCycle+NoAR,7,0.0203,0.0207,1.1653,4.321428571428571,6.064386672556897,-0.5821444249331802
Yahoo_Stock_Price_IMI.L,IMI.L,1294,7,13.23,Lag1Trend+NoCycle+NoAR,7,0.0155,0.0156,2.3101,15.785714285714286,19.826929738543555,-1.7314591605215663
Yahoo_Stock_Price_IMT.L,IMT.L,1292,7,13.51,Lag1Trend+NoCycle+NoAR,7,0.0056,0.0056,1.6219,22.571428571428573,24.547330375652432,-5.472161332747802
Yahoo_Stock_Price_INCH.L,INCH.L,1294,7,13.46,Lag1Trend+NoCycle+NoAR,7,0.0089,0.009,0.7706,6.357142857142857,9.641798883729411,-0.446570339790088
Yahoo_Stock_Price_INF.L,INF.L,1293,7,13.46,Lag1Trend+NoCycle+NoAR,7,0.0137,0.0138,3.3359,10.285714285714286,10.535653752852738,-20.329411764647332
Yahoo_Stock_Price_INPP.L,INPP.L,1291,7,13.56,Lag1Trend+NoCycle+NoAR,7,0.0837,0.0903,3.2854,0.13002571428571424,0.17157189271972426,-1.3399823844365573
Yahoo_Stock_Price_INVP.L,INVP.L,1295,7,13.62,Lag1Trend+NoCycle+NoAR,7,0.014,0.0141,1.4859,6.414285714285727,6.636802155944009,-0.8312178649596291
Yahoo_Stock_Price_IPF.L,IPF.L,1294,7,13.25,Lag1Trend+NoCycle+NoAR,7,0.0591,0.0537,0.925,16.357142857142865,29.54611407855282,-0.03987439535075277
Yahoo_Stock_Price_IPO.L,IPO.L,1295,7,13.64,Lag1Trend+NoCycle+NoAR,7,0.0314,0.0318,1.1418,4.928571428571432,5.498701145335534,-0.4917836357401322
Yahoo_Stock_Price_IPT.L,IPT.L,439,7,11.78,Lag1Trend+NoCycle+NoAR,7,0.1108,0.1202,2.36,0.10925000000000003,0.13139447830320508,-2.2397602628775886
Yahoo_Stock_Price_IPU.L,IPU.L,1292,7,14.0,Lag1Trend+NoCycle+NoAR,7,0.0253,0.0252,0.7004,0.09397142857142862,0.10293697863949856,-0.018240033210178863
Yahoo_Stock_Price_IRV.L,IRV.L,1295,7,14.15,Lag1Trend+NoCycle+NoAR,7,0.0273,0.0279,0.889,7.964285714285714,11.092548979253726,-0.19327824645588487
Yahoo_Stock_Price_ISAT.L,ISAT.L,1295,7,14.13,Lag1Trend+NoCycle+NoAR,7,0.0098,0.0098,1.5665,7.571428571428571,8.614771367499298,-0.0011011699929246443
Yahoo_Stock_Price_ISYS.L,ISYS.L,639,7,12.06,Lag1Trend+NoCycle+NoAR,7,0.0094,0.0095,3.1905,4.785714285714286,5.240637911007181,-5.021252796401723
Yahoo_Stock_Price_ITE.L,ITE.L,1295,7,14.46,Lag1Trend+NoCycle+NoAR,7,0.0703,0.0735,1.4675,11.678571428571429,13.153285846944428,-3.7244514106564646
Yahoo_Stock_Price_ITRK.L,ITRK.L,1295,7,14.46,Lag1Trend+NoCycle+NoAR,7,0.012,0.0121,2.4513,43.714285714285715,48.240469080875,-4.5913503971754475
Yahoo_Stock_Price_ITV.L,ITV.L,1295,7,14.71,Lag1Trend+NoCycle+NoAR,7,0.0244,0.0249,1.1835,4.714285714285706,5.999761900037601,-1.1636613429485076
Yahoo_Stock_Price_IVI.L,IVI.L,1292,7,14.36,Lag1Trend+NoCycle+NoAR,7,0.0138,0.0134,0.7799,0.03972000000000004,0.08245543229093956,-0.0778934106623923
Yahoo_Stock_Price_JAI.L,JAI.L,1292,7,14.46,Lag1Trend+NoCycle+NoAR,7,0.0305,0.0295,1.11,0.08156428571428595,0.1307581640718031,-0.009633905231192008
Yahoo_Stock_Price_JAM.L,JAM.L,1292,7,14.44,Lag1Trend+NoCycle+NoAR,7,0.0082,0.0082,1.2022,0.02741285714285719,0.030108854179460277,-0.011893844157522482
Yahoo_Stock_Price_JCH.L,JCH.L,1292,7,14.48,Lag1Trend+NoCycle+NoAR,7,0.0326,0.0311,0.5939,0.1880642857142863,0.32791253853515834,-0.4360488376661613
Yahoo_Stock_Price_JD.L,JD.L,1295,7,14.56,Lag1Trend+NoCycle+NoAR,7,0.0397,0.0406,3.619,48.857142857142854,50.11415539973284,-19.187007874013428
Yahoo_Stock_Price_JDW.L,JDW.L,1295,7,14.96,Lag1Trend+NoCycle+NoAR,7,0.045,0.0461,4.0873,36.785714285714285,38.59080201291494,-9.945440227987449
Yahoo_Stock_Price_JEO.L,JEO.L,1292,7,15.25,Lag1Trend+NoCycle+NoAR,7,0.0187,0.0189,1.3176,0.10985428571428521,0.11765695693109518,-1.0521094918477991
Yahoo_Stock_Price_JETG.L,JETG.L,1292,7,15.18,Lag1Trend+NoCycle+NoAR,7,0.0935,0.0869,2.411,0.21841428571428573,0.27810289550041417,-1.074314168056803
Yahoo_Stock_Price_JFJ.L,JFJ.L,1278,7,15.05,LinearTrend+NoCycle+NoAR,7,0.0381,0.0403,1.5603,0.14124666783215442,0.24314733325772345,-0.5036975060481279
Yahoo_Stock_Price_JII.L,JII.L,1276,7,15.17,Lag1Trend+NoCycle+NoAR,7,0.092,0.087,3.1681,0.5668471428571429,0.6346666838247796,-1.6367720057822548
Yahoo_Stock_Price_JJB.L,JJB.L,323,7,12.22,Lag1Trend+NoCycle+NoAR,7,0.0,0.0,0.0,0.0,0.0,1.0
Yahoo_Stock_Price_JKX.L,JKX.L,1295,7,15.76,Lag1Trend+NoCycle+NoAR,7,0.0148,0.0147,1.7143,0.2857142857142857,0.3779644730092272,-0.1666666665305554
Yahoo_Stock_Price_JLT.L,JLT.L,1295,7,15.43,Lag1Trend+NoCycle+NoAR,7,0.0133,0.0135,0.6671,13.285714285714286,16.8141097211326,-0.6536946400858112
Yahoo_Stock_Price_JMAT.L,JMAT.L,1292,7,15.56,Lag1Trend+NoCycle+NoAR,7,0.0136,0.0137,2.7411,43.857142857142854,48.71931268574536,-1.467434657162217
Yahoo_Stock_Price_JMC.L,JMC.L,1292,7,15.38,Lag1Trend+NoCycle+NoAR,7,0.1035,0.0952,2.4666,0.18923000000000004,0.24418796650472838,-1.1566274071052387
Yahoo_Stock_Price_JMF.L,JMF.L,1292,7,15.5,Lag1Trend+NoCycle+NoAR,7,0.0111,0.0111,0.9569,0.10229571428571457,0.11540149918560738,-0.11962623177890896
Yahoo_Stock_Price_JMG.L,JMG.L,1292,7,15.62,Lag1Trend+NoCycle+NoAR,7,0.068,0.0646,2.548,0.4674957142857142,0.5780092011501935,-0.9300166250325999
Yahoo_Stock_Price_JMI.L,JMI.L,1292,7,15.84,Lag1Trend+NoCycle+NoAR,7,0.0882,0.0814,0.7845,0.6663957142857143,0.9180493584380798,-0.48525351704208064
Yahoo_Stock_Price_JPR.L,JPR.L,1295,7,15.61,Lag1Trend+NoCycle+NoAR,7,0.0736,0.0709,12.2143,1.0178571428571428,1.0275230272011286,-52.40322576786347
Yahoo_Stock_Price_JPS.L,JPS.L,1292,7,16.25,Lag1Trend+NoCycle+NoAR,7,0.035,0.0338,1.2211,0.11164285714285713,0.1667196721617287,-0.0016370288475013872
Yahoo_Stock_Price_JRS.L,JRS.L,1277,7,16.29,Lag1Trend+NoCycle+NoAR,7,0.1362,0.1244,3.8586,0.5245371428571426,0.6183452098487194,-2.5663198241729073
Yahoo_Stock_Price_JZCP.L,JZCP.L,1278,7,16.2,Lag1Trend+NoCycle+NoAR,7,0.4005,0.2974,3.3395,1.7602842857142857,2.310513273171137,-1.284927386769588
Yahoo_Stock_Price_KAZ.L,KAZ.L,1294,7,16.3,Lag1Trend+NoCycle+NoAR,7,0.0227,0.0231,1.6547,3.1714285714285575,3.7500476187452723,-2.511414594361668
Yahoo_Stock_Price_KCOM.L,KCOM.L,1295,7,16.41,Lag1Trend+NoCycle+NoAR,7,0.0198,0.0201,1.0385,2.25,2.7271780286589284,-1.763507108990071
Yahoo_Stock_Price_KFX.L,KFX.L,950,7,15.76,Lag1Trend+NoCycle+NoAR,7,0.1917,0.2275,3.3791,139.10714285714286,179.53906757503862,-1.501985318169683
Yahoo_Stock_Price_KGF.L,KGF.L,1294,7,16.86,Lag1Trend+NoCycle+NoAR,7,0.0092,0.0092,1.0276,3.0142857142857093,4.0286474156967325,-0.5814938551463349
Yahoo_Stock_Price_KIE.L,KIE.L,1294,7,16.96,Lag1Trend+NoCycle+NoAR,7,0.0171,0.017,0.9158,17.857142857142858,19.672315572906,-0.3908610825875771
Yahoo_Stock_Price_KIT.L,KIT.L,1292,7,16.32,Lag1Trend+NoCycle+NoAR,7,0.0518,0.0491,0.8291,0.8798714285714289,1.2806558782793418,-0.625839683123836
Yahoo_Stock_Price_KLR.L,KLR.L,1295,7,17.11,Lag1Trend+NoCycle+NoAR,7,0.0152,0.0153,1.1153,15.428571428571429,17.113069358158484,-1.1722676354826644
Yahoo_Stock_Price_LAD.L,LAD.L,1295,7,16.9,Lag1Trend+NoCycle+NoAR,7,0.0654,0.0678,5.7551,8.728571428571419,9.185780937327609,-9.301863756398001
Yahoo_Stock_Price_LAM.L,LAM.L,1295,7,16.49,Lag1Trend+NoCycle+NoAR,7,0.0224,0.0222,0.8207,1.6071428571428572,1.7853571071357126,-0.21428571427910614
Yahoo_Stock_Price_LAND.L,LAND.L,1294,7,17.84,Lag1Trend+NoCycle+NoAR,7,0.0455,0.0466,4.589,49.714285714285715,50.46073438115734,-33.052401746718374
Yahoo_Stock_Price_LGEN.L,LGEN.L,1294,7,17.85,Lag1Trend+NoCycle+NoAR,7,0.0316,0.0323,2.3101,6.314285714285733,7.265771023878251,-3.085636668031003
Yahoo_Stock_Price_LLOY.L,LLOY.L,1295,7,16.95,Lag1Trend+NoCycle+NoAR,7,0.0243,0.0241,0.9684,1.3185714285714292,1.5262606030987729,-0.20092017438871657
Yahoo_Stock_Price_LMI.L,LMI.L,1295,7,17.21,Lag1Trend+NoCycle+NoAR,7,0.0392,0.0382,0.9887,8.321428571428571,10.18270592720815,-0.5827070596935919
Yahoo_Stock_Price_LOG.L,LOG.L,273,7,13.91,Lag1Trend+NoCycle+NoAR,7,0.0001,0.0001,0.8571,0.014285714285715503,0.03779644730092595,-0.1666666530555554
Yahoo_Stock_Price_LOOK.L,LOOK.L,1295,7,17.54,Lag1Trend+NoCycle+NoAR,7,0.05,0.0484,2.7857,5.107142857142857,5.912305569137741,-2.939764232311081
Yahoo_Stock_Price_LRD.L,LRD.L,1295,7,17.31,Lag1Trend+NoCycle+NoAR,7,0.0144,0.0145,1.2995,4.699999999999989,5.785820104852392,-1.098066051007299
Yahoo_Stock_Price_LRE.L,LRE.L,1295,7,17.97,Lag1Trend+NoCycle+NoAR,7,0.0182,0.0184,1.6516,11.285714285714286,12.778329870750492,-2.1687128712862505
Yahoo_Stock_Price_LSE.L,LSE.L,1295,7,17.51,Lag1Trend+NoCycle+NoAR,7,0.0069,0.0069,1.4505,18.857142857142858,21.057743740215177,-2.4206549118384135
Yahoo_Stock_Price_LSL.L,LSL.L,1295,7,18.04,Lag1Trend+NoCycle+NoAR,7,0.0308,0.0305,1.6415,7.25,7.45043143525451,-0.39492916212527684
Yahoo_Stock_Price_LVD.L,LVD.L,1295,7,17.71,Lag1Trend+NoCycle+NoAR,7,0.0096,0.0096,0.9143,1.1428571428571428,1.3161089837634485,-0.23230490016896366
Yahoo_Stock_Price_LWB.L,LWB.L,1295,7,17.98,Lag1Trend+NoCycle+NoAR,7,0.0375,0.0384,1.9699,2.3392857142857144,2.6122137573877287,-4.04931571490651
Yahoo_Stock_Price_LWDB.L,LWDB.L,1277,7,17.85,Lag1Trend+NoCycle+NoAR,7,0.0829,0.0785,3.4873,0.4129942857142858,0.4793087312548593,-2.165928820781345
Yahoo_Stock_Price_LWI.L,LWI.L,1292,7,18.31,Lag1Trend+NoCycle+NoAR,7,0.0411,0.0397,1.8741,0.5072571428571427,0.6503547844940366,-0.9594394586995241
Yahoo_Stock_Price_MAB.L,MAB.L,1295,7,18.42,Lag1Trend+NoCycle+NoAR,7,0.014,0.0141,1.6333,3.4571428571428595,4.044396476254877,-2.7130547577012973
Yahoo_Stock_Price_MAJE.L,MAJE.L,1292,7,18.38,Lag1Trend+NoCycle+NoAR,7,0.0779,0.073,2.287,0.20109714285714286,0.2633297547617002,-1.2328770732238605
Yahoo_Stock_Price_MARS.L,MARS.L,1295,7,18.34,Lag1Trend+NoCycle+NoAR,7,0.0169,0.0171,1.859,2.3857142857143003,3.055440113259358,-1.5618839605634522
Yahoo_Stock_Price_MCB.L,MCB.L,1295,7,18.03,Lag1Trend+NoCycle+NoAR,7,0.0421,0.0431,3.4099,6.535714285714286,6.915949475152139,-8.351371571046199
Yahoo_Stock_Price_MCHL.L,MCHL.L,276,7,15.51,Lag1Trend+NoCycle+NoAR,7,0.0184,0.019,0.5143,0.019285714285714288,0.03688786095335816,-0.15654812125613748
Yahoo_Stock_Price_MCKS.L,MCKS.L,1295,7,17.8,Lag1Trend+NoCycle+NoAR,7,0.0301,0.0308,1.3624,5.392857142857143,6.585292053399867,-1.408202294940716
Yahoo_Stock_Price_MCP.L,MCP.L,1292,7,16.79,Lag1Trend+NoCycle+NoAR,7,0.0331,0.0315,1.0732,0.10862714285714262,0.191917467938695,-0.03051346452323145
Yahoo_Stock_Price_MCRO.L,MCRO.L,1295,7,16.16,Lag1Trend+NoCycle+NoAR,7,0.0164,0.0166,1.7704,31.571428571428573,41.153024537346326,-0.7844701531050824
Yahoo_Stock_Price_MEC.L,MEC.L,920,7,16.1,Lag1Trend+NoCycle+NoAR,7,0.0106,0.0107,7.8857,1.6428571428571428,1.6529194950580193,-81.38461534912665
Yahoo_Stock_Price_MER.L,MER.L,1295,7,16.44,Lag1Trend+NoCycle+NoAR,7,0.0346,0.0353,1.4514,13.607142857142858,15.258194519667128,-1.334198680239064
Yahoo_Stock_Price_MGGT.L,MGGT.L,1295,7,12.46,Lag1Trend+NoCycle+NoAR,7,0.034,0.0348,2.5765,14.600000000000023,16.67453147767579,-3.2854500616513445
Yahoo_Stock_Price_MGNS.L,MGNS.L,1295,7,11.96,Lag1Trend+NoCycle+NoAR,7,0.0103,0.0102,0.622,5.857142857142857,7.699721701835352,-0.19991738950812055
Yahoo_Stock_Price_MKLW.L,MKLW.L,1295,7,12.41,Lag1Trend+NoCycle+NoAR,7,0.0121,0.0122,1.3399,4.857142857142857,5.524296981775794,-2.679790833583326
Yahoo_Stock_Price_MKS.L,MKS.L,1036,7,11.55,Lag1Trend+NoCycle+NoAR,7,0.0225,0.0221,2.619,11.785714285714286,13.061666924904449,-4.381235918890398
Yahoo_Stock_Price_MLC.L,MLC.L,1295,7,12.45,Lag1Trend+NoCycle+NoAR,7,0.0339,0.0347,2.4184,14.671428571428587,16.642158170484652,-3.100751793364747
Yahoo_Stock_Price_MMC.L,MMC.L,1295,7,12.45,Lag1Trend+NoCycle+NoAR,7,0.0085,0.0084,1.3714,0.14285714285714285,0.1889822365046136,-1.3333333311555555
Yahoo_Stock_Price_MNDI.L,MNDI.L,1294,7,11.99,Lag1Trend+NoCycle+NoAR,7,0.0328,0.0336,2.7717,49.42857142857143,58.58815092295906,-2.4693894389438444
Yahoo_Stock_Price_MNKS.L,MNKS.L,1292,7,12.45,Lag1Trend+NoCycle+NoAR,7,0.0574,0.0548,0.799,0.277372857142857,0.36511783583229296,-0.3847039735084883
Yahoo_Stock_Price_MNP.L,MNP.L,1292,7,11.9,Lag1Trend+NoCycle+NoAR,7,0.0183,0.0184,2.5972,0.03742571428571414,0.03904629523307635,-11.30230205530449
Yahoo_Stock_Price_MNZS.L,MNZS.L,1295,7,12.05,Lag1Trend+NoCycle+NoAR,7,0.0079,0.0079,1.0476,4.714285714285714,5.719640348333601,-2.1186770427973096
Yahoo_Stock_Price_MONY.L,MONY.L,1294,7,12.22,Lag1Trend+NoCycle+NoAR,7,0.0283,0.0288,2.7143,8.414285714285727,9.011342059553945,-6.805041192613853
Yahoo_Stock_Price_MRC.L,MRC.L,1292,7,12.06,Lag1Trend+NoCycle+NoAR,7,0.0766,0.0724,2.6003,1.243314285714286,1.5339652938893833,-0.9226302156280739
Yahoo_Stock_Price_MRCH.L,MRCH.L,1292,7,12.42,Lag1Trend+NoCycle+NoAR,7,0.051,0.049,2.596,0.21545714285714293,0.27226767837133015,-1.0404852370815676
Yahoo_Stock_Price_MRO.L,MRO.L,1292,7,12.69,Lag1Trend+NoCycle+NoAR,7,0.0151,0.0154,1.4815,10.0,14.696938456699069,-0.5154639175256213
Yahoo_Stock_Price_MRS.L,MRS.L,415,7,9.97,Lag1Trend+NoCycle+NoAR,7,0.0624,0.0661,2.4396,0.6607142857142857,0.9100137361600648,-1.1148208468283842
Yahoo_Stock_Price_MRW.L,MRW.L,1294,7,12.51,Lag1Trend+NoCycle+NoAR,7,0.0113,0.0114,0.7268,2.0714285714285716,2.910817263734906,-0.17691915182893903
Yahoo_Stock_Price_MSLH.L,MSLH.L,1294,7,12.33,Lag1Trend+NoCycle+NoAR,7,0.0132,0.0132,0.8536,3.471428571428565,4.219173920500141,-0.025982733067445807
Yahoo_Stock_Price_MTC.L,MTC.L,1294,7,12.44,Lag1Trend+NoCycle+NoAR,7,0.0108,0.0109,0.6545,1.5,2.449489742783178,-0.19999999999657136
Yahoo_Stock_Price_MTO.L,MTO.L,1294,7,12.48,Lag1Trend+NoCycle+NoAR,7,0.0148,0.0149,1.7009,3.6285714285714215,3.9734835382283107,-5.021481942681991
Yahoo_Stock_Price_MTU.L,MTU.L,1292,7,12.59,Lag1Trend+NoCycle+NoAR,7,0.1234,0.1128,2.7013,0.5557328571428571,0.6864922300777645,-0.9368937460367066
Yahoo_Stock_Price_MUT.L,MUT.L,1292,7,12.32,Lag1Trend+NoCycle+NoAR,7,0.015,0.0149,0.935,0.11246000000000007,0.16967905595143837,-0.0010310995240523368
Yahoo_Stock_Price_MXF.L,MXF.L,1291,7,12.62,Lag1Trend+NoCycle+NoAR,7,0.1227,0.1375,3.2133,0.10889885714285714,0.1443417970800063,-1.321245366306088
Yahoo_Stock_Price_MYI.L,MYI.L,1292,7,12.6,Lag1Trend+NoCycle+NoAR,7,0.0073,0.0072,0.7502,0.07757142857142847,0.09876514712039984,-0.11893484347316385
Yahoo_Stock_Price_NAD.L,NAD.L,417,7,9.94,Lag1Trend+NoCycle+NoAR,7,0.1053,0.1055,0.8024,0.15714285714285717,0.2183542338233253,-0.09490333883236901
Yahoo_Stock_Price_NAS.L,NAS.L,1292,7,12.93,Lag1Trend+NoCycle+NoAR,7,0.0668,0.0622,2.1615,1.6564714285714288,2.453676053539728,-0.6647901993905987
Yahoo_Stock_Price_NCC.L,NCC.L,1295,7,12.99,Lag1Trend+NoCycle+NoAR,7,0.0233,0.0236,2.1509,7.671428571428554,8.164470064160389,-7.537482356615634
Yahoo_Stock_Price_NEX.L,NEX.L,1296,7,13.47,Lag1Trend+NoCycle+NoAR,7,0.0151,0.0152,2.5218,5.085714285714289,5.328896964395439,-10.212409347237195
Yahoo_Stock_Price_NG.L,NG.L,1295,7,13.58,Lag1Trend+NoCycle+NoAR,7,0.009,0.009,1.4893,9.928571428571429,11.75189954250558,-2.4936757872986868
Yahoo_Stock_Price_NSI.L,NSI.L,1292,7,14.16,LinearTrend+NoCycle+NoAR,7,0.3037,0.2574,3.0847,0.26640724278115896,0.29153545940835257,-0.40184241336490123
Yahoo_Stock_Price_NTG.L,NTG.L,1295,7,13.88,Lag1Trend+NoCycle+NoAR,7,0.0496,0.0512,2.87,18.535714285714285,20.68017511669432,-4.085436510343127
Yahoo_Stock_Price_NVA.L,NVA.L,1295,7,14.14,Lag1Trend+NoCycle+NoAR,7,0.0327,0.0334,4.6951,26.214285714285715,28.082149897348366,-6.775782271857241
Yahoo_Stock_Price_NXT.L,NXT.L,1295,7,13.62,Lag1Trend+NoCycle+NoAR,7,0.0253,0.0249,1.8987,125.0,136.78711301037933,-5.06365740740738
Yahoo_Stock_Price_OML.L,OML.L,1294,7,13.57,Lag1Trend+NoCycle+NoAR,7,0.0135,0.0136,1.8571,2.7857142857142776,3.227781192796587,-1.791197375604391
Yahoo_Stock_Price_OPTS.L,OPTS.L,990,7,12.8,Lag1Trend+NoCycle+NoAR,7,0.0015,0.0015,2.0714,0.5178571428571429,0.5843952918554847,-1.4013452912386088
Yahoo_Stock_Price_OXB.L,OXB.L,1295,7,13.98,Lag1Trend+NoCycle+NoAR,7,0.0667,0.0645,7.7959,0.272857142857143,0.27612109144876495,-41.55011355597891
Yahoo_Stock_Price_OXIG.L,OXIG.L,1295,7,13.68,Lag1Trend+NoCycle+NoAR,7,0.0384,0.0373,0.7836,26.642857142857142,32.26287118566569,-1.400458877514923
Yahoo_Stock_Price_PAC.L,PAC.L,1292,7,13.99,Lag1Trend+NoCycle+NoAR,7,0.0102,0.0102,1.6836,0.023427142857143184,0.0258327740338843,-4.631438161027467
Yahoo_Stock_Price_PAG.L,PAG.L,1295,7,14.33,Lag1Trend+NoCycle+NoAR,7,0.0121,0.012,1.6777,3.2714285714285682,4.351846898567481,-1.299395411066926
Yahoo_Stock_Price_PAY.L,PAY.L,1295,7,14.44,Lag1Trend+NoCycle+NoAR,7,0.0102,0.0104,0.7068,10.071428571428571,15.774074570998724,-0.44973246135540834
Yahoo_Stock_Price_PCT.L,PCT.L,1276,7,14.52,Lag1Trend+NoCycle+NoAR,7,0.0192,0.0191,1.6864,0.13979428571428545,0.14353943340718975,-0.28833639365312846
Yahoo_Stock_Price_PDG.L,PDG.L,1295,7,14.37,Lag1Trend+NoCycle+NoAR,7,0.022,0.0215,2.3102,0.7199999999999999,1.0075996937559784,-0.9628945706528509
Yahoo_Stock_Price_PFC.L,PFC.L,1295,7,14.83,Lag1Trend+NoCycle+NoAR,7,0.0357,0.0348,2.0017,27.357142857142858,32.290533774290125,-2.2837103926986115
Yahoo_Stock_Price_PFD.L,PFD.L,1295,7,14.45,Lag1Trend+NoCycle+NoAR,7,0.0099,0.0098,1.3929,0.4642857142857143,0.5900968443520823,-0.21874999993906252
Yahoo_Stock_Price_PFG.L,PFG.L,1295,7,15.02,Lag1Trend+NoCycle+NoAR,7,0.0171,0.0175,1.1656,46.42857142857143,70.37552334238293,-0.5957378256466834
Yahoo_Stock_Price_PFL.L,PFL.L,1294,7,14.69,Lag1Trend+NoCycle+NoAR,7,0.0239,0.0258,0.8776,4.607142857142857,11.532949690839226,-0.14524348188972658
Yahoo_Stock_Price_PHI.L,PHI.L,1292,7,15.16,Lag1Trend+NoCycle+NoAR,7,0.079,0.0743,2.5193,0.15544857142857152,0.1954039317487168,-1.0204391610868448
Yahoo_Stock_Price_PHP.L,PHP.L,1137,7,14.12,Lag1Trend+NoCycle+NoAR,7,0.1292,0.142,4.0703,0.14174285714285714,0.16776776806049487,-2.49423603979469
Yahoo_Stock_Price_PHTM.L,PHTM.L,1295,7,14.75,Lag1Trend+NoCycle+NoAR,7,0.0393,0.0401,6.3354,6.071428571428571,6.201958216102856,-23.009554139913284
Yahoo_Stock_Price_PIN.L,PIN.L,1292,7,15.38,LinearTrend+NoCycle+NoAR,7,0.2031,0.1788,2.8912,2.8782091336061404,3.3259394930128714,-0.6329783845240771
Yahoo_Stock_Price_PLI.L,PLI.L,1292,7,15.31,Lag1Trend+NoCycle+NoAR,7,0.0263,0.0258,1.8597,0.10108571428571425,0.12671031968346402,-0.8996854312186258
Yahoo_Stock_Price_PMO.L,PMO.L,1295,7,15.91,Lag1Trend+NoCycle+NoAR,7,0.063,0.0605,1.7293,4.107142857142857,4.727389796252715,-1.2695595854889357
Yahoo_Stock_Price_PNL.L,PNL.L,1292,7,15.6,Lag1Trend+NoCycle+NoAR,7,0.0081,0.0081,1.6066,3.2078571428571405,3.5843414816591896,-1.683505276140905
Yahoo_Stock_Price_PNN.L,PNN.L,1295,7,15.68,Lag1Trend+NoCycle+NoAR,7,0.0034,0.0034,1.5086,3.142857142857143,3.789082059964241,-1.679999999992853
Yahoo_Stock_Price_PNX.L,PNX.L,1028,7,14.35,Lag1Trend+NoCycle+NoAR,7,0.0,0.0,0.0,0.0,0.0,1.0
Yahoo_Stock_Price_POG.L,POG.L,1295,7,16.13,Lag1Trend+NoCycle+NoAR,7,0.0625,0.0606,6.3429,0.4228571428571431,0.4282522621072774,-38.940444320185485
Yahoo_Stock_Price_PON.L,PON.L,317,7,12.04,Lag1Trend+NoCycle+NoAR,7,0.0036,0.0036,0.5934,0.32142857142857145,0.504444531850912,-0.6835443036383484
Yahoo_Stock_Price_PRU.L,PRU.L,1294,7,15.42,Lag1Trend+NoCycle+NoAR,7,0.0173,0.0175,2.0357,23.071428571428573,25.013567746896314,-5.699792395103869
Yahoo_Stock_Price_PSN.L,PSN.L,1294,7,16.03,Lag1Trend+NoCycle+NoAR,7,0.0175,0.0177,0.6817,28.857142857142858,36.81614552650198,-0.5554098360655482
Yahoo_Stock_Price_PSON.L,PSON.L,1295,7,16.03,Lag1Trend+NoCycle+NoAR,7,0.0035,0.0035,0.6141,3.4285714285714284,4.123105625617661,-0.25451807228783374
Yahoo_Stock_Price_PUB.L,PUB.L,1295,7,15.98,Lag1Trend+NoCycle+NoAR,7,0.0104,0.0106,1.013,0.9285714285714286,1.3693063937629153,-0.644295301992823
Yahoo_Stock_Price_PVCS.L,PVCS.L,1294,7,15.68,Lag1Trend+NoCycle+NoAR,7,0.0126,0.0126,0.6857,0.14285714285714285,0.1889822365046136,-0.16666666612222247
Yahoo_Stock_Price_PZC.L,PZC.L,1295,7,16.14,Lag1Trend+NoCycle+NoAR,7,0.015,0.0152,1.6433,4.9571428571428635,6.872616469937566,-0.14852217237642917
Yahoo_Stock_Price_QED.L,QED.L,1095,7,16.03,Lag1Trend+NoCycle+NoAR,7,0.0185,0.0187,1.6484,2.6785714285714284,3.2719042074695803,-2.032153179178483
Yahoo_Stock_Price_QQ.L,QQ.L,1295,7,16.34,Lag1Trend+NoCycle+NoAR,7,0.0065,0.0065,0.691,1.4857142857142824,2.0085531395225007,-0.18855218854718458
Yahoo_Stock_Price_RAT.L,RAT.L,1295,7,16.44,Lag1Trend+NoCycle+NoAR,7,0.0103,0.0102,1.936,18.714285714285715,20.49738659299905,-5.009048453005193
Yahoo_Stock_Price_RB.L,RB.L,1295,7,16.74,Lag1Trend+NoCycle+NoAR,7,0.0071,0.0071,1.1306,52.57142857142857,56.790341231083104,-1.2827757554746402
Yahoo_Stock_Price_RBG.L,RBG.L,350,7,13.44,Lag1Trend+NoCycle+NoAR,7,0.0166,0.0165,1.8261,2.625,2.866446904643946,-5.196969696902928
Yahoo_Stock_Price_RBS.L,RBS.L,1296,7,16.52,Lag1Trend+NoCycle+NoAR,7,0.0112,0.0112,0.6731,2.142857142857139,2.5139610179953027,-0.03419716804460382
Yahoo_Stock_Price_RCDO.L,RCDO.L,1295,7,16.74,Lag1Trend+NoCycle+NoAR,7,0.0168,0.0171,1.3034,13.142857142857142,17.121415161804155,-1.4345762711861516
Yahoo_Stock_Price_RCP.L,RCP.L,1276,7,17.08,Lag1Trend+NoCycle+NoAR,7,0.0193,0.0195,2.2878,0.33668571428571326,0.38952769936350834,-2.9539693737310158
Yahoo_Stock_Price_RDSA.L,RDSA.L,1295,7,17.26,Lag1Trend+NoCycle+NoAR,7,0.02,0.0197,1.5214,40.57142857142857,53.32983619486777,-1.3739555563126276
Yahoo_Stock_Price_RDSB.L,RDSB.L,1295,7,17.64,Lag1Trend+NoCycle+NoAR,7,0.0127,0.0125,1.0198,26.428571428571427,35.73113888073379,-0.5616715344866048
Yahoo_Stock_Price_RDW.L,RDW.L,1295,7,16.97,Lag1Trend+NoCycle+NoAR,7,0.0237,0.0239,1.1778,7.8714285714285825,8.762827332382116,-0.09082765098781054
Yahoo_Stock_Price_RE.L,RE.L,1295,7,17.37,Lag1Trend+NoCycle+NoAR,7,0.0074,0.0073,0.5792,1.7857142857142858,3.3434370681338432,-0.39910600255177675
Yahoo_Stock_Price_REL.L,REL.L,1295,7,17.86,Lag1Trend+NoCycle+NoAR,7,0.0112,0.0113,1.2152,16.0,23.724610489050033,-0.7816537467699451
Yahoo_Stock_Price_REX.L,REX.L,1275,7,16.74,Lag1Trend+NoCycle+NoAR,7,0.0196,0.0198,3.0171,12.571428571428571,13.920693742975393,-3.522743510358101
Yahoo_Stock_Price_RGU.L,RGU.L,1295,7,17.72,Lag1Trend+NoCycle+NoAR,7,0.0298,0.0303,3.2779,9.014285714285725,9.973894496563092,-4.459488822181135
Yahoo_Stock_Price_RIO.L,RIO.L,1294,7,17.52,Lag1Trend+NoCycle+NoAR,7,0.017,0.0171,1.4122,41.07142857142857,50.356940222489975,-0.1588272324551101
Yahoo_Stock_Price_RM.L,RM.L,1295,7,18.26,Lag1Trend+NoCycle+NoAR,7,0.0387,0.0401,2.4623,5.642857142857143,7.540663574438071,-1.2726670235260151
Yahoo_Stock_Price_RMV.L,RMV.L,1295,7,17.72,Lag1Trend+NoCycle+NoAR,7,0.0361,0.0375,1.7523,144.85714285714286,211.10931494641076,-0.8897553985223172
Yahoo_Stock_Price_RNK.L,RNK.L,1295,7,19.05,Lag1Trend+NoCycle+NoAR,7,0.0116,0.0116,1.2625,2.7142857142857104,3.1300387948303143,-0.6575512740792686
Yahoo_Stock_Price_ROR.L,ROR.L,1294,7,18.79,Lag1Trend+NoCycle+NoAR,7,0.0195,0.0197,3.2308,4.199999999999989,4.565710709814432,-5.50267379676241
Yahoo_Stock_Price_RPC.L,RPC.L,1295,7,18.47,Lag1Trend+NoCycle+NoAR,7,0.0296,0.03,4.0457,25.285714285714285,26.349301969610398,-11.642140468224135
Yahoo_Stock_Price_RPS.L,RPS.L,1294,7,18.31,Lag1Trend+NoCycle+NoAR,7,0.0094,0.0093,0.7792,1.7857142857142858,2.4964260167573276,-0.007422680410044569
Yahoo_Stock_Price_RR.L,RR.L,1295,7,17.85,Lag1Trend+NoCycle+NoAR,7,0.0292,0.03,0.9796,22.857142857142858,36.72387312284554,-0.02355856727975647
Yahoo_Stock_Price_RRS.L,RRS.L,1295,7,17.82,Lag1Trend+NoCycle+NoAR,7,0.0254,0.0251,1.6554,220.71428571428572,241.86034931635356,-4.980231587732099
Yahoo_Stock_Price_RSA.L,RSA.L,1295,7,17.9,Lag1Trend+NoCycle+NoAR,7,0.0161,0.0162,6.8571,7.999999999999984,8.081725416907299,-48.69565217337328
Yahoo_Stock_Price_RSW.L,RSW.L,1294,7,18.37,Lag1Trend+NoCycle+NoAR,7,0.0168,0.0171,1.1068,42.42857142857143,64.90322466124908,-0.6640519187358824
Yahoo_Stock_Price_RTN.L,RTN.L,1294,7,18.29,Lag1Trend+NoCycle+NoAR,7,0.0676,0.0705,2.2167,21.87142857142859,24.220681835394917,-4.417716771393723
Yahoo_Stock_Price_RTO.L,RTO.L,1294,7,18.37,Lag1Trend+NoCycle+NoAR,7,0.0103,0.0104,1.5889,2.171428571428566,2.608228736682638,-1.6459755516601566
Yahoo_Stock_Price_RWA.L,RWA.L,1295,7,18.4,Lag1Trend+NoCycle+NoAR,7,0.022,0.0222,1.1794,6.535714285714286,6.980201593486702,-0.1837310195223658
Yahoo_Stock_Price_SAB.L,SAB.L,1295,7,18.29,Lag1Trend+NoCycle+NoAR,7,0.0066,0.0066,1.3217,28.857142857142858,40.82366260603559,-0.09457684368548414
Yahoo_Stock_Price_SAFE.L,SAFE.L,1295,7,18.77,Lag1Trend+NoCycle+NoAR,7,0.0081,0.0081,1.5489,2.942857142857138,3.4121631178560476,-1.31440162271147
Yahoo_Stock_Price_SBRY.L,SBRY.L,1295,7,18.42,Lag1Trend+NoCycle+NoAR,7,0.0096,0.0095,0.7658,2.1571428571428606,2.597526295755805,-0.3754784489891696
Yahoo_Stock_Price_SCAM.L,SCAM.L,1277,7,18.53,Lag1Trend+NoCycle+NoAR,7,0.0147,0.0146,1.9979,0.043489999999999994,0.046491314857109056,-0.961819630690375
Yahoo_Stock_Price_SCF.L,SCF.L,1292,7,18.46,Lag1Trend+NoCycle+NoAR,7,0.0516,0.0494,2.519,0.1297014285714286,0.17015420506117382,-1.3155186390282712
Yahoo_Stock_Price_SCIN.L,SCIN.L,1276,7,16.95,Lag1Trend+NoCycle+NoAR,7,0.1118,0.1038,3.5819,0.7575714285714287,0.8868949849253372,-2.390686118710358
Yahoo_Stock_Price_SCP.L,SCP.L,1292,7,16.74,Lag1Trend+NoCycle+NoAR,7,0.0988,0.0919,2.5946,0.42366142857142847,0.5220427302023686,-0.913902022042415
Yahoo_Stock_Price_SDL.L,SDL.L,1294,7,16.96,Lag1Trend+NoCycle+NoAR,7,0.0368,0.0381,1.8501,15.571428571428571,22.067671894813525,-0.7339297879103526
Yahoo_Stock_Price_SDP.L,SDP.L,1292,7,16.13,Lag1Trend+NoCycle+NoAR,7,0.0538,0.0513,0.8472,0.1737685714285713,0.23384918943626903,-0.4263489793047077
Yahoo_Stock_Price_SDR.L,SDR.L,1294,7,12.58,Lag1Trend+NoCycle+NoAR,7,0.0103,0.0104,1.2857,27.0,34.93054332733542,-1.484293193717205
Yahoo_Stock_Price_SDRC.L,SDRC.L,1294,7,12.32,Lag1Trend+NoCycle+NoAR,7,0.0068,0.0068,0.8571,13.571428571428571,16.313885409149385,-0.9177941176468611
Yahoo_Stock_Price_SDU.L,SDU.L,1292,7,11.94,Lag1Trend+NoCycle+NoAR,7,0.0672,0.0638,2.8239,0.1057942857142857,0.13265609511601248,-1.0154121372281377
Yahoo_Stock_Price_SDY.L,SDY.L,1294,7,12.12,Lag1Trend+NoCycle+NoAR,7,0.0136,0.0137,0.7959,0.4642857142857143,0.6614378277661477,-0.07861635216326879
Yahoo_Stock_Price_SEP.L,SEP.L,1292,7,13.31,LinearTrend+NoCycle+NoAR,7,0.1766,0.1586,0.9187,0.4424567587642963,0.5131585216121561,-0.17345542591886765
Yahoo_Stock_Price_SEPU.L,SEPU.L,1293,7,12.75,Lag1Trend+NoCycle+NoAR,7,0.0123,0.0123,0.9107,0.6071428571428571,0.7007648882267351,-0.14583333329513892
Yahoo_Stock_Price_SFR.L,SFR.L,1294,7,12.35,Lag1Trend+NoCycle+NoAR,7,0.0309,0.0315,2.6327,1.5357142857142858,1.7294714304004644,-3.7278225805384038
Yahoo_Stock_Price_SGC.L,SGC.L,1294,7,12.52,Lag1Trend+NoCycle+NoAR,7,0.0094,0.0095,0.798,1.9285714285714286,2.5520300043019013,-0.0965159428230935
Yahoo_Stock_Price_SGE.L,SGE.L,1295,7,12.74,Lag1Trend+NoCycle+NoAR,7,0.0319,0.0324,3.4396,22.357142857142858,23.740411598309386,-7.8387742038706385
Yahoo_Stock_Price_SGRO.L,SGRO.L,1294,7,12.43,Lag1Trend+NoCycle+NoAR,7,0.0418,0.0429,3.1666,17.785714285714317,19.563048257949436,-4.765378088221402
Yahoo_Stock_Price_SHB.L,SHB.L,1294,7,12.57,Lag1Trend+NoCycle+NoAR,7,0.0397,0.0406,5.0723,35.92857142857143,37.26497781333797,-13.196797412891728
Yahoo_Stock_Price_SHI.L,SHI.L,1295,7,13.0,Lag1Trend+NoCycle+NoAR,7,0.0435,0.0424,2.4456,4.442857142857142,4.899708446136653,-4.624701157100801
Yahoo_Stock_Price_SHP.L,SHP.L,1295,7,13.18,Lag1Trend+NoCycle+NoAR,7,0.0074,0.0074,0.9351,36.0,40.60260371665133,-0.2969623017147114
Yahoo_Stock_Price_SHRS.L,SHRS.L,1292,7,15.14,Lag1Trend+NoCycle+NoAR,7,0.0713,0.0673,2.509,0.1524028571428572,0.19672074354998045,-1.5011634064456922
Yahoo_Stock_Price_SIA.L,SIA.L,1294,7,13.41,Lag1Trend+NoCycle+NoAR,7,0.0409,0.0396,1.6851,6.178571428571429,8.137764698350173,-0.37504634779343715
Yahoo_Stock_Price_SIV.L,SIV.L,1294,7,13.08,Lag1Trend+NoCycle+NoAR,7,0.1865,0.2068,7.1092,20.142857142857142,20.77902445118291,-15.585301322871839
Yahoo_Stock_Price_SJG.L,SJG.L,1277,7,13.36,Lag1Trend+NoCycle+NoAR,7,0.0554,0.0537,3.3069,0.08773142857142854,0.0952637579115403,-1.257295051731206
Yahoo_Stock_Price_SKS.L,SKS.L,1295,7,13.63,Lag1Trend+NoCycle+NoAR,7,0.0174,0.0176,1.4101,1.8214285714285714,2.537222891273055,-0.6700860357317324
Yahoo_Stock_Price_SL.L,SL.L,1295,7,13.88,Lag1Trend+NoCycle+NoAR,7,0.0249,0.0252,2.5123,7.285714285714294,7.829614112001769,-6.456657730103234
Yahoo_Stock_Price_SLET.L,SLET.L,1292,7,13.41,Lag1Trend+NoCycle+NoAR,7,0.0105,0.0106,1.6614,0.04211285714285732,0.047320150192975224,-2.83128560297691
Yahoo_Stock_Price_SLI.L,SLI.L,1291,7,13.86,Lag1Trend+NoCycle+NoAR,7,0.0039,0.0039,0.8571,0.0031571428571428584,0.008353014853503924,-0.16666638798466082
Yahoo_Stock_Price_SMDR.L,SMDR.L,930,7,12.04,Lag1Trend+NoCycle+NoAR,7,0.015,0.0149,0.8319,1.1785714285714286,1.5783128424274537,-0.09473094169716312
Yahoo_Stock_Price_SMDS.L,SMDS.L,1295,7,14.02,Lag1Trend+NoCycle+NoAR,7,0.0244,0.0248,3.2658,9.742857142857158,10.18836871843856,-10.690048264747986
Yahoo_Stock_Price_SMIN.L,SMIN.L,1295,7,14.06,Lag1Trend+NoCycle+NoAR,7,0.0214,0.0217,4.2406,26.857142857142858,29.669609270863585,-4.537098844672159
Yahoo_Stock_Price_SMP.L,SMP.L,1295,7,14.47,Lag1Trend+NoCycle+NoAR,7,0.02,0.0204,1.1211,5.642857142857159,7.637033829588947,-1.1010807234219517
Yahoo_Stock_Price_SMT.L,SMT.L,1277,7,14.17,Lag1Trend+NoCycle+NoAR,7,0.0128,0.0129,1.7736,0.037428571428571554,0.04115385904487846,-4.785432682376509
Yahoo_Stock_Price_SMWH.L,SMWH.L,1295,7,14.22,Lag1Trend+NoCycle+NoAR,7,0.0151,0.015,1.218,23.142857142857142,25.867795753462588,-0.6566289409861983
Yahoo_Stock_Price_SN.L,SN.L,1295,7,14.05,Lag1Trend+NoCycle+NoAR,7,0.0116,0.0115,0.9608,14.571428571428571,25.382783816707622,-0.02546612096405121
Yahoo_Stock_Price_SNR.L,SNR.L,1295,7,14.22,Lag1Trend+NoCycle+NoAR,7,0.015,0.0152,0.8939,3.1285714285714255,4.227292277569644,-1.0752476655414176
Yahoo_Stock_Price_SOI.L,SOI.L,1292,7,13.9,Lag1Trend+NoCycle+NoAR,7,0.0145,0.0147,1.7885,0.032171428571428774,0.04292035581000176,-1.2822807753083239
Yahoo_Stock_Price_SPD.L,SPD.L,1294,7,14.67,Lag1Trend+NoCycle+NoAR,7,0.0249,0.025,0.99,6.599999999999999,8.729261137118081,-0.024238500702050025
Yahoo_Stock_Price_SPI.L,SPI.L,520,7,12.34,Lag1Trend+NoCycle+NoAR,7,0.0167,0.0168,1.9704,5.3857142857142675,5.940057719777269,-4.619977896229535
Yahoo_Stock_Price_SPO.L,SPO.L,1295,7,14.51,Lag1Trend+NoCycle+NoAR,7,0.0062,0.0062,1.4082,0.4107142857142857,0.5110388579019352,-1.824137930598202
Yahoo_Stock_Price_SPT.L,SPT.L,1295,7,14.29,Lag1Trend+NoCycle+NoAR,7,0.0348,0.0357,1.2932,3.0714285714285716,3.884492980336779,-1.668019846632864
Yahoo_Stock_Price_SPX.L,SPX.L,1294,7,15.2,Lag1Trend+NoCycle+NoAR,7,0.0155,0.0157,2.1404,61.714285714285715,81.54578030599919,-1.1327137059824488
Yahoo_Stock_Price_SRG.L,SRG.L,884,7,12.83,Lag1Trend+NoCycle+NoAR,7,0.0269,0.0263,3.4286,1.1428571428571428,1.5118578920369088,-1.3333333332993056
Yahoo_Stock_Price_SRP.L,SRP.L,1295,7,14.43,Lag1Trend+NoCycle+NoAR,7,0.0066,0.0066,0.8901,0.7714285714285722,0.8298020417975788,-0.16747404841463087
Yahoo_Stock_Price_SSE.L,SSE.L,1295,7,15.38,Lag1Trend+NoCycle+NoAR,7,0.0146,0.0146,1.184,23.285714285714285,29.29407546147953,-0.030006858710544648
Yahoo_Stock_Price_SST.L,SST.L,1292,7,14.47,Lag1Trend+NoCycle+NoAR,7,0.0706,0.0662,0.8392,0.6228842857142857,0.8493902465634648,-0.47408071587836664
Yahoo_Stock_Price_STAN.L,STAN.L,1295,7,14.74,Lag1Trend+NoCycle+NoAR,7,0.025,0.0254,2.053,15.500000000000048,17.091643739391696,-4.631389072481396
Yahoo_Stock_Price_STHR.L,STHR.L,1295,7,14.74,Lag1Trend+NoCycle+NoAR,7,0.0429,0.044,2.2446,11.035714285714286,11.600877429869568,-9.519541375860635
Yahoo_Stock_Price_STJ.L,STJ.L,1295,7,14.88,Lag1Trend+NoCycle+NoAR,7,0.0389,0.0398,2.4756,35.07142857142857,39.14214024369571,-4.071488887387452
Yahoo_Stock_Price_STOB.L,STOB.L,1293,7,14.99,Lag1Trend+NoCycle+NoAR,7,0.0422,0.0435,3.2269,6.857142857142857,8.11304064894467,-2.5009497964695253
Yahoo_Stock_Price_STS.L,STS.L,1292,7,14.31,Lag1Trend+NoCycle+NoAR,7,0.0189,0.0185,0.6151,0.029089999999999967,0.04539812063448068,-0.22320698630873403
Yahoo_Stock_Price_STVG.L,STVG.L,1295,7,16.17,Lag1Trend+NoCycle+NoAR,7,0.0255,0.0251,1.576,8.142857142857142,9.277468866637525,-3.3546721734609735
Yahoo_Stock_Price_SVI.L,SVI.L,1291,7,15.45,ConstantTrend+NoCycle+NoAR,7,1.0,2.0,15.3793,6.036782857142858,6.1002706685617065,-47.2941566780004
Yahoo_Stock_Price_SVS.L,SVS.L,1295,7,15.51,Lag1Trend+NoCycle+NoAR,7,0.0283,0.0289,1.5097,19.5,22.859040099831716,-1.6665538429491913
Yahoo_Stock_Price_SVT.L,SVT.L,1294,7,17.22,Lag1Trend+NoCycle+NoAR,7,0.0036,0.0037,1.2857,9.0,10.843035948083386,-0.35872641509411496
Yahoo_Stock_Price_SXS.L,SXS.L,1294,7,16.16,Lag1Trend+NoCycle+NoAR,7,0.0064,0.0063,1.3585,12.0,15.757084574429188,-1.3808219178078929
Yahoo_Stock_Price_SYR.L,SYR.L,1105,7,15.32,Lag1Trend+NoCycle+NoAR,7,0.001,0.001,2.4286,2.4285714285714284,2.6457513110645907,-5.351851851769515
Yahoo_Stock_Price_TALV.L,TALV.L,763,7,14.72,Lag1Trend+NoCycle+NoAR,7,0.0492,0.0487,1.57,0.25642857142857156,0.2826974657524492,-0.009805438258135402
Yahoo_Stock_Price_TATE.L,TATE.L,1295,7,15.84,Lag1Trend+NoCycle+NoAR,7,0.0165,0.0166,2.7771,11.571428571428571,12.472827609304499,-6.177966101690184
Yahoo_Stock_Price_TCG.L,TCG.L,1294,7,16.1,Lag1Trend+NoCycle+NoAR,7,0.0625,0.0604,2.2915,3.7428571428571433,3.9791420467949408,-2.622819920139452
Yahoo_Stock_Price_TCY.L,TCY.L,1157,7,15.99,Lag1Trend+NoCycle+NoAR,7,0.0129,0.0131,1.4534,16.714285714285715,20.877191929403313,-1.626291195277688
Yahoo_Stock_Price_TEM.L,TEM.L,255,7,11.9,Lag1Trend+NoCycle+NoAR,7,0.0088,0.0088,0.9375,0.05000000000000008,0.06352727198388347,-1.2256612092519674
Yahoo_Stock_Price_TEP.L,TEP.L,1295,7,16.26,Lag1Trend+NoCycle+NoAR,7,0.0122,0.0121,1.1056,12.714285714285714,14.866068747318506,-1.0808993082241622
Yahoo_Stock_Price_THRG.L,THRG.L,1292,7,16.81,Lag1Trend+NoCycle+NoAR,7,0.1031,0.0956,2.6321,0.3181214285714287,0.3925115179565711,-0.9255246736007523
Yahoo_Stock_Price_THT.L,THT.L,1052,7,15.68,Lag1Trend+NoCycle+NoAR,7,0.0126,0.0125,4.3286,1.8035714285714286,1.8821293032854343,-11.23458149719371
Yahoo_Stock_Price_TIG.L,TIG.L,1117,7,16.02,Lag1Trend+NoCycle+NoAR,7,0.0072,0.0072,2.2857,0.2857142857142857,0.32732683535398854,-3.199999997647999
Yahoo_Stock_Price_TLPR.L,TLPR.L,1295,7,17.65,Lag1Trend+NoCycle+NoAR,7,0.0065,0.0065,1.0507,2.17142857142857,2.8804761511150927,-0.5775259972019884
Yahoo_Stock_Price_TLW.L,TLW.L,1295,7,16.56,Lag1Trend+NoCycle+NoAR,7,0.0556,0.0534,1.6367,11.157142857142844,13.308160761620762,-1.8849030636661515
Yahoo_Stock_Price_TMPL.L,TMPL.L,1292,7,17.42,Lag1Trend+NoCycle+NoAR,7,0.0113,0.0111,0.7965,0.12830000000000044,0.23959345030399232,-0.0772419832249922
Yahoo_Stock_Price_TNI.L,TNI.L,1295,7,17.39,Lag1Trend+NoCycle+NoAR,7,0.0142,0.0143,1.7143,1.0714285714285714,1.1726039399558574,-0.03454894432669198
Yahoo_Stock_Price_TPK.L,TPK.L,1295,7,18.68,Lag1Trend+NoCycle+NoAR,7,0.0141,0.0141,0.8515,21.714285714285715,23.250192011495916,-0.07134767836916556
Yahoo_Stock_Price_TPT.L,TPT.L,1295,7,18.46,Lag1Trend+NoCycle+NoAR,7,0.0295,0.0302,2.2143,3.3214285714285716,4.314634564893234,-1.4545913218924502
Yahoo_Stock_Price_TRB.L,TRB.L,1295,7,18.03,Lag1Trend+NoCycle+NoAR,7,0.0696,0.0732,2.0731,3.7142857142857144,4.505948449391252,-2.1199529596168283
Yahoo_Stock_Price_TRG.L,TRG.L,1292,7,17.58,Lag1Trend+NoCycle+NoAR,7,0.0914,0.0854,2.6871,0.6110114285714284,0.7522043566174588,-0.9138324679316787
Yahoo_Stock_Price_TRMA.L,TRMA.L,554,7,15.74,Lag1Trend+NoCycle+NoAR,7,0.2173,0.2683,1.7143,0.26999999999999996,0.3571764269937197,-1.33333333272367
Yahoo_Stock_Price_TRY.L,TRY.L,1292,7,18.88,Lag1Trend+NoCycle+NoAR,7,0.0877,0.0825,2.4403,0.26166142857142843,0.31550525205046664,-0.8025321848327325
Yahoo_Stock_Price_TRYS.L,TRYS.L,355,7,15.48,Lag1Trend+NoCycle+NoAR,7,0.0055,0.0056,0.8075,0.004642857142857139,0.008073324682469497,-0.15152305532137356
Yahoo_Stock_Price_TSCO.L,TSCO.L,1295,7,19.56,Lag1Trend+NoCycle+NoAR,7,0.0324,0.0317,2.1031,5.099999999999999,5.608857790520785,-4.773102634668297
Yahoo_Stock_Price_TT.L,TT.L,874,7,18.27,Lag1Trend+NoCycle+NoAR,7,0.0134,0.0134,2.1173,5.928571428571421,6.275462418932044,-0.11853118478971636
Yahoo_Stock_Price_TTG.L,TTG.L,1295,7,19.52,Lag1Trend+NoCycle+NoAR,7,0.0136,0.0135,2.3008,1.8214285714285714,1.9932923231965465,-1.85779816510825
Yahoo_Stock_Price_TW.L,TW.L,1295,7,20.03,Lag1Trend+NoCycle+NoAR,7,0.0198,0.0198,0.8141,2.971428571428569,3.3991595599921,-0.012084376116001883
Yahoo_Stock_Price_UBM.L,UBM.L,1296,7,19.32,Lag1Trend+NoCycle+NoAR,7,0.0119,0.012,2.4556,7.571428571428571,8.539822681330769,-3.6742969260912073
Yahoo_Stock_Price_UKCM.L,UKCM.L,1291,7,19.95,Lag1Trend+NoCycle+NoAR,7,0.0516,0.0494,2.3836,0.04024285714285717,0.05343207971675018,-1.3107956722198972
Yahoo_Stock_Price_ULE.L,ULE.L,1295,7,18.94,Lag1Trend+NoCycle+NoAR,7,0.0101,0.01,2.6143,17.428571428571427,18.662414481671824,-6.821264894589608
Yahoo_Stock_Price_ULVR.L,ULVR.L,1295,7,18.61,Lag1Trend+NoCycle+NoAR,7,0.0078,0.0077,1.082,27.5,31.58491954805557,-2.066575703396873
Yahoo_Stock_Price_UTG.L,UTG.L,1295,7,18.64,Lag1Trend+NoCycle+NoAR,7,0.0176,0.0178,1.8069,11.142857142857142,13.016473079470162,-2.2866191607275135
Yahoo_Stock_Price_UU.L,UU.L,1295,7,19.06,Lag1Trend+NoCycle+NoAR,7,0.0046,0.0046,0.6735,4.714285714285714,5.618845839799182,-0.12264150943339192
Yahoo_Stock_Price_VCT.L,VCT.L,1295,7,19.02,Lag1Trend+NoCycle+NoAR,7,0.0305,0.0297,2.1528,46.285714285714285,60.991802727907626,-1.357963365414446
Yahoo_Stock_Price_VEC.L,VEC.L,1295,7,18.88,Lag1Trend+NoCycle+NoAR,7,0.0334,0.0326,2.3437,4.999999999999996,6.151422599691873,-1.3428860247641587
Yahoo_Stock_Price_VED.L,VED.L,1295,7,18.97,Lag1Trend+NoCycle+NoAR,7,0.0516,0.0532,1.8905,28.357142857142858,32.20636583037583,-1.1999415660303185
Yahoo_Stock_Price_VIN.L,VIN.L,1292,7,19.54,Lag1Trend+NoCycle+NoAR,7,0.1466,0.1257,0.8417,0.34477428571428576,0.5170764246635667,-0.7014202239639351
Yahoo_Stock_Price_VOD.L,VOD.L,1295,7,18.57,Lag1Trend+NoCycle+NoAR,7,0.0266,0.0271,2.1404,6.2071428571428715,7.332632542272946,-2.5283110465277936
Yahoo_Stock_Price_VP.L,VP.L,1294,7,19.51,Lag1Trend+NoCycle+NoAR,7,0.0246,0.025,1.0339,16.714285714285715,20.655334834924783,-1.89690293078334
Yahoo_Stock_Price_VTC.L,VTC.L,1294,7,19.44,Lag1Trend+NoCycle+NoAR,7,0.0452,0.0464,3.8486,24.214285714285715,26.64414971969859,-3.703699947601941
Yahoo_Stock_Price_WEIR.L,WEIR.L,1294,7,20.12,Lag1Trend+NoCycle+NoAR,7,0.0195,0.0192,1.1931,29.428571428571427,34.15510838178425,-0.930757278929901
Yahoo_Stock_Price_WG.L,WG.L,1294,7,19.47,Lag1Trend+NoCycle+NoAR,7,0.018,0.0177,1.305,12.071428571428571,14.110533046527436,-2.7294533639133753
Yahoo_Stock_Price_WIL.L,WIL.L,1294,7,19.84,Lag1Trend+NoCycle+NoAR,7,0.0091,0.0091,1.2175,2.232142857142857,2.7284054736368324,-1.3068181818079698
Yahoo_Stock_Price_WIN.L,WIN.L,1294,7,19.17,Lag1Trend+NoCycle+NoAR,7,0.0074,0.0074,1.0571,1.3214285714285714,1.5148078614606069,-0.32474226803031137
Yahoo_Stock_Price_WKP.L,WKP.L,1294,7,19.61,Lag1Trend+NoCycle+NoAR,7,0.0172,0.0174,0.9796,12.0,15.45731449601034,-1.5169300225729847
Yahoo_Stock_Price_WLF.L,WLF.L,794,7,18.33,Lag1Trend+NoCycle+NoAR,7,0.0014,0.0014,1.0179,0.3392857142857143,0.375,-1.0416666662432097
Yahoo_Stock_Price_WMH.L,WMH.L,1295,7,19.3,Lag1Trend+NoCycle+NoAR,7,0.1307,0.1412,3.4262,41.34285714285715,44.34539757082223,-6.643406277861441
Yahoo_Stock_Price_WOS.L,WOS.L,1296,7,18.66,Lag1Trend+NoCycle+NoAR,7,0.0107,0.0108,1.9116,44.285714285714285,58.92125495705506,-1.2984030048369006
Yahoo_Stock_Price_WPC.L,WPC.L,1292,7,18.36,Lag1Trend+NoCycle+NoAR,7,0.0298,0.0287,1.0918,0.08570142857142844,0.1440530906595601,-0.018881375703720504
Yahoo_Stock_Price_WPP.L,WPP.L,1294,7,17.67,Lag1Trend+NoCycle+NoAR,7,0.0234,0.0237,15.8857,39.714285714285715,39.75640110185313,-471.2439024370087
Yahoo_Stock_Price_WTAN.L,WTAN.L,1277,7,16.82,Lag1Trend+NoCycle+NoAR,7,0.0567,0.0547,3.3213,0.4552442857142858,0.5138064942174243,-1.7491933727710185
Yahoo_Stock_Price_WTB.L,WTB.L,1294,7,16.72,Lag1Trend+NoCycle+NoAR,7,0.0145,0.0147,1.2874,54.714285714285715,66.06598433168377,-0.5470321021946307
Yahoo_Stock_Price_XCH.L,XCH.L,1251,7,15.35,Lag1Trend+NoCycle+NoAR,7,0.0147,0.0146,0.5702,2.767857142857143,3.450219972283341,-0.08136840275625845
Yahoo_Stock_Price_XTA.L,XTA.L,453,7,9.1,Lag1Trend+NoCycle+NoAR,7,0.3296,0.1719,0.9544,116.5,247.76332889040933,-0.0854058698202036
